client_id,cout_acquisition,anciennete_mois,revenus_transactions,revenus_annuels,cout_gestion_annuel,revenus_totaux,couts_totaux,profit_net,segment_calcule
CLI_0001,111.4,68,5.34,878.75,219.25,884.09,220.86449275362318,663.2255072463769,VIP
CLI_0002,149.4,35,2.5,1847.88,324.38,1850.38,328.53,1521.8500000000001,VIP
CLI_0003,281.25,32,1.3,2249.7,338.53,2251.0,347.0527272727272,1903.9472727272728,VIP
CLI_0004,149.91,27,3.06,1799.11,374.47999999999996,1802.1699999999998,379.83392857142854,1422.3360714285714,VIP
CLI_0005,112.63,60,4.79,914.9399999999999,210.71,919.7299999999999,212.55639344262295,707.173606557377,VIP
CLI_0006,339.85,5,2.8,387.56,122.31,390.36,178.95166666666668,211.40833333333333,Standard
CLI_0007,133.97,45,2.5,1113.27,237.03000000000003,1115.77,239.94239130434786,875.8276086956521,VIP
CLI_0008,173.21,53,0.0,4320.24,638.44,4320.24,641.6475925925927,3678.5924074074073,VIP
CLI_0009,166.34,9,2.98,1345.19,296.14,1348.17,312.774,1035.3960000000002,VIP
CLI_0010,138.51,44,0.5,594.79,167.54,595.29,170.618,424.67199999999997,Standard
CLI_0011,84.03,60,0.0,759.02,141.5,759.02,142.87754098360656,616.1424590163934,VIP
CLI_0012,112.53,27,3.3,1016.5699999999999,233.06,1019.8699999999999,237.07892857142858,782.7910714285713,VIP
CLI_0013,281.29,24,0.0,941.4000000000001,209.14999999999998,941.4000000000001,220.40159999999997,720.9984000000002,VIP
CLI_0014,96.71,59,2.5,617.95,124.92000000000002,620.45,126.53183333333335,493.9181666666667,Standard
CLI_0015,143.89,36,2.0,5265.94,678.38,5267.94,682.2689189189189,4585.671081081081,VIP
CLI_0016,129.33,44,1.0,430.23,143.57999999999998,431.23,146.45399999999998,284.77600000000007,Standard
CLI_0017,169.47,16,1.1,781.81,273.37,782.91,283.3388235294118,499.57117647058817,Standard
CLI_0018,187.98,71,6.16,657.84,183.59,664.0,186.20083333333335,477.7991666666667,Standard
CLI_0019,82.62,38,1.0,174.76999999999998,49.81,175.76999999999998,51.92846153846154,123.84153846153845,Standard
CLI_0020,159.65,71,1.3,1200.58,316.72,1201.8799999999999,318.93736111111116,882.9426388888887,VIP
CLI_0021,195.61,50,1.8,3745.86,645.53,3747.6600000000003,649.3654901960784,3098.2945098039218,VIP
CLI_0022,147.22,37,2.0,947.89,270.73,949.89,274.6042105263158,675.2857894736842,VIP
CLI_0023,287.36,32,2.5700000000000003,760.6700000000001,173.03,763.2400000000001,181.7378787878788,581.5021212121213,VIP
CLI_0024,110.45,28,0.04,1026.15,189.65,1026.19,193.4586206896552,832.7313793103449,VIP
CLI_0025,183.76,27,0.3,152.39,31.66,152.69,38.222857142857144,114.46714285714285,Standard
CLI_0026,111.22,74,2.41,795.51,209.45,797.92,210.93293333333332,586.9870666666666,VIP
CLI_0027,167.7,50,0.6,1551.49,347.97,1552.09,351.2582352941177,1200.8317647058823,VIP
CLI_0028,197.76,55,2.0,1180.1100000000001,314.74,1182.1100000000001,318.2714285714286,863.8385714285715,VIP
CLI_0029,151.31,20,2.4899999999999998,1083.19,273.11,1085.68,280.3152380952381,805.364761904762,VIP
CLI_0030,158.5,65,2.3200000000000003,1015.8700000000001,139.69,1018.1900000000002,142.09151515151515,876.098484848485,VIP
CLI_0031,103.77,55,3.1,119.64,32.71,122.74,34.56303571428572,88.17696428571428,Standard
CLI_0032,147.84,70,7.84,1814.4299999999998,380.74,1822.2699999999998,382.82225352112675,1439.447746478873,VIP
CLI_0033,135.67,62,0.0,415.25,138.2,415.25,140.35349206349204,274.896507936508,Standard
CLI_0034,393.0,2,2.3,735.53,174.45999999999998,737.8299999999999,305.46,432.36999999999995,Standard
CLI_0035,153.02,45,2.48,2320.41,636.12,2322.89,639.4465217391304,1683.4434782608696,VIP
CLI_0036,169.9,23,6.0,475.61,139.15,481.61,146.22916666666669,335.3808333333333,Standard
CLI_0037,122.82,17,1.8,408.86,115.14,410.66,121.96333333333334,288.6966666666667,Standard
CLI_0038,130.25,13,4.15,1079.5300000000002,265.44,1083.6800000000003,274.74357142857144,808.9364285714289,VIP
CLI_0039,145.06,28,0.3,4182.3099999999995,466.90000000000003,4182.61,471.9020689655173,3710.7079310344825,VIP
CLI_0040,110.12,53,1.5,1445.24,440.46,1446.74,442.49925925925925,1004.2407407407408,VIP
CLI_0041,270.12,24,7.71,2805.0299999999997,744.75,2812.74,755.5548,2057.1852,VIP
CLI_0042,212.24,32,0.0,209.88,63.38999999999999,209.88,69.82151515151514,140.05848484848485,Standard
CLI_0043,204.68,30,2.06,583.1600000000001,120.22999999999999,585.22,126.83258064516129,458.38741935483876,Standard
CLI_0044,93.77,63,4.7,1215.9499999999998,279.90999999999997,1220.6499999999999,281.37515625,939.27484375,VIP
CLI_0045,183.22,67,0.25,285.11,59.66,285.36,62.35441176470588,223.00558823529414,Standard
CLI_0046,166.74,53,1.83,938.06,207.01,939.89,210.09777777777776,729.7922222222222,VIP
CLI_0047,88.12,53,2.3,608.8499999999999,128.62,611.1499999999999,130.25185185185185,480.89814814814804,Standard
CLI_0048,164.94,68,2.1,2669.86,564.99,2671.96,567.3804347826087,2104.579565217391,VIP
CLI_0049,145.22,63,0.0,1783.72,328.92999999999995,1783.72,331.19906249999997,1452.5209375,VIP
CLI_0050,89.81,37,1.33,3165.6499999999996,567.96,3166.9799999999996,570.3234210526316,2596.656578947368,VIP
CLI_0051,191.66,14,1.8,652.47,146.4,654.27,159.17733333333334,495.0926666666667,Standard
CLI_0052,196.94,17,7.91,219.53,50.68,227.44,61.62111111111111,165.8188888888889,Standard
CLI_0053,191.44,8,2.5,1500.95,258.28999999999996,1503.45,279.5611111111111,1223.888888888889,VIP
CLI_0054,289.14,14,1.8,578.1600000000001,126.01,579.96,145.286,434.67400000000004,Standard
CLI_0055,270.0,18,1.0,430.09000000000003,112.36999999999999,431.09000000000003,126.58052631578947,304.50947368421055,Standard
CLI_0056,160.28,37,3.78,1197.79,299.15999999999997,1201.57,303.37789473684205,898.1921052631578,VIP
CLI_0057,135.48,45,1.33,288.71000000000004,56.6,290.04,59.54521739130435,230.4947826086957,Standard
CLI_0058,252.94,5,0.3,909.71,178.13,910.01,220.28666666666666,689.7233333333334,VIP
CLI_0059,158.12,59,3.15,5432.360000000001,537.38,5435.51,540.0153333333333,4895.494666666667,VIP
CLI_0060,209.09,27,2.48,594.05,148.29,596.53,155.7575,440.7725,Standard
CLI_0061,112.45,16,2.71,503.35,137.92,506.06,144.53470588235294,361.52529411764704,Standard
CLI_0062,141.5,59,1.3,438.78999999999996,103.16,440.09,105.51833333333333,334.57166666666666,Standard
CLI_0063,176.77,36,2.5,777.43,206.2,779.93,210.97756756756755,568.9524324324324,VIP
CLI_0064,264.81,8,0.96,836.79,239.70999999999998,837.75,269.1333333333333,568.6166666666667,VIP
CLI_0065,162.99,3,2.91,1874.9099999999999,359.11,1877.82,399.8575,1477.9624999999999,VIP
CLI_0066,257.26,32,0.3,758.73,211.48,759.03,219.27575757575755,539.7542424242424,VIP
CLI_0067,104.16,68,3.4299999999999997,763.49,249.01999999999998,766.92,250.52956521739128,516.3904347826087,VIP
CLI_0068,111.03,44,3.0,1150.67,274.2,1153.67,276.6673333333333,877.0026666666668,VIP
CLI_0069,132.94,21,0.0,656.66,124.56,656.66,130.60272727272726,526.0572727272727,VIP
CLI_0070,119.63,67,1.92,475.38,155.5,477.3,157.25926470588234,320.04073529411767,Standard
CLI_0071,170.81,73,0.3,2414.69,622.88,2414.9900000000002,625.1882432432433,1789.801756756757,VIP
CLI_0072,142.33,47,0.0,1859.08,313.59,1859.08,316.5552083333333,1542.5247916666667,VIP
CLI_0073,140.98,33,4.39,3283.3999999999996,677.0,3287.7899999999995,681.1464705882353,2606.643529411764,VIP
CLI_0074,185.34,46,0.3,3002.1,580.68,3002.4,584.6234042553191,2417.776595744681,VIP
CLI_0075,185.55,56,0.43,356.65,147.93,357.08,151.18526315789475,205.89473684210523,Standard
CLI_0076,184.47,40,0.6,741.69,211.95999999999998,742.2900000000001,216.4592682926829,525.8307317073172,VIP
CLI_0077,147.76,35,0.3,5247.360000000001,573.77,5247.660000000001,577.8744444444444,4669.785555555556,VIP
CLI_0078,190.25,30,3.3,549.9100000000001,112.03999999999999,553.21,118.17709677419354,435.0329032258065,Standard
CLI_0079,198.2,58,1.6,1230.63,236.92,1232.23,240.2793220338983,991.9506779661017,VIP
CLI_0080,172.64,73,0.3,582.53,235.66,582.8299999999999,237.99297297297298,344.8370270270269,Standard
CLI_0081,156.79,7,0.3,1580.8400000000001,268.96000000000004,1581.14,288.55875000000003,1292.5812500000002,VIP
CLI_0082,113.04,16,2.87,3288.01,742.53,3290.88,749.1794117647058,2541.700588235294,VIP
CLI_0083,135.67,51,1.03,863.6400000000001,269.73,864.6700000000001,272.3390384615385,592.3309615384616,VIP
CLI_0084,189.11,57,3.8,228.89,67.24000000000001,232.69,70.50051724137931,162.18948275862067,Standard
CLI_0085,207.74,23,2.61,891.3,244.09,893.91,252.74583333333334,641.1641666666667,VIP
CLI_0086,274.45,2,5.6,2041.1,301.35,2046.6999999999998,392.83333333333337,1653.8666666666663,VIP
CLI_0087,92.66,43,1.6600000000000001,544.83,157.21,546.49,159.3159090909091,387.1740909090909,Standard
CLI_0088,314.2,6,1.5,3943.03,684.34,3944.53,729.2257142857143,3215.304285714286,VIP
CLI_0089,264.42,26,2.8,294.12,74.94,296.92,84.73333333333333,212.18666666666667,Standard
CLI_0090,125.65,65,1.0,1595.87,283.23,1596.87,285.13378787878787,1311.736212121212,VIP
CLI_0091,255.12,20,3.5300000000000002,79.41,25.98,82.94,38.12857142857143,44.811428571428564,Standard
CLI_0092,195.74,69,1.68,271.31,53.51,272.99,56.306285714285714,216.6837142857143,Standard
CLI_0093,140.75,15,0.8,675.6700000000001,244.81,676.47,253.606875,422.863125,Standard
CLI_0094,142.8,72,1.8,705.78,212.54,707.5799999999999,214.49616438356165,493.08383561643825,Standard
CLI_0095,157.43,12,1.0,1430.68,213.61,1431.68,225.72000000000003,1205.96,VIP
CLI_0096,175.14,64,1.33,5772.52,681.44,5773.85,684.1344615384616,5089.715538461539,VIP
CLI_0097,215.52,32,2.3,282.98,88.22999999999999,285.28000000000003,94.76090909090908,190.51909090909095,Standard
CLI_0098,226.92,16,0.0,3906.2900000000004,723.91,3906.2900000000004,737.2582352941176,3169.031764705883,VIP
CLI_0099,259.58,19,3.0,785.1899999999999,137.29,788.1899999999999,150.269,637.9209999999999,VIP
CLI_0100,179.19,18,0.0,534.29,91.61,534.29,101.04105263157895,433.248947368421,Standard
CLI_0101,283.02,35,0.0,266.56,112.38,266.56,120.24166666666666,146.31833333333333,Standard
CLI_0102,143.96,59,1.8,1331.43,209.93,1333.23,212.32933333333335,1120.9006666666667,VIP
CLI_0103,131.59,19,1.5,1213.23,245.70999999999998,1214.73,252.28949999999998,962.4405,VIP
CLI_0104,163.51,72,1.3399999999999999,439.18,75.68,440.52,77.91986301369863,362.6001369863013,Standard
CLI_0105,258.65,30,2.8,3987.8200000000006,760.19,3990.620000000001,768.5335483870969,3222.086451612904,VIP
CLI_0106,118.01,51,2.23,4253.94,521.4300000000001,4256.169999999999,523.6994230769232,3732.470576923076,VIP
CLI_0107,271.44,12,4.09,379.19,105.28999999999999,383.28,126.16999999999999,257.11,Standard
CLI_0108,281.23,25,1.5,203.48000000000002,55.99,204.98000000000002,66.80653846153847,138.17346153846154,Standard
CLI_0109,113.23,63,1.5,1502.12,312.65999999999997,1503.62,314.42921874999996,1189.1907812499999,VIP
CLI_0110,296.7,15,3.35,489.23,141.36,492.58000000000004,159.90375,332.67625000000004,Standard
CLI_0111,96.89,60,3.5,2558.73,650.25,2562.23,651.8383606557377,1910.3916393442623,VIP
CLI_0112,104.24,41,1.5,601.79,155.84,603.29,158.32190476190476,444.9680952380952,Standard
CLI_0113,136.84,15,7.9,2237.72,681.2,2245.62,689.7525,1555.8674999999998,VIP
CLI_0114,278.8,20,1.18,3411.64,693.77,3412.8199999999997,707.0461904761904,2705.773809523809,VIP
CLI_0115,313.57,3,1.9300000000000002,989.01,219.81,990.9399999999999,298.2025,692.7375,VIP
CLI_0116,98.25,64,2.5,580.78,119.87,583.28,121.38153846153847,461.8984615384615,Standard
CLI_0117,188.06,20,6.9,1073.7299999999998,225.07,1080.6299999999999,234.02523809523808,846.6047619047617,VIP
CLI_0118,223.06,32,2.12,731.4,187.88,733.52,194.63939393939393,538.880606060606,VIP
CLI_0119,116.69,28,0.3,591.16,149.68,591.4599999999999,153.70379310344828,437.75620689655165,Standard
CLI_0120,185.89,44,0.3,3878.7799999999997,853.5500000000001,3879.08,857.680888888889,3021.399111111111,VIP
CLI_0121,260.72,29,2.6100000000000003,457.89,97.65,460.5,106.34066666666668,354.15933333333334,Standard
CLI_0122,140.62,52,1.0,892.73,203.62,893.73,206.27320754716982,687.4567924528302,VIP
CLI_0123,196.06,64,0.3,1131.96,237.73,1132.26,240.74630769230768,891.5136923076923,VIP
CLI_0124,254.44,5,3.36,1002.2900000000001,224.53,1005.6500000000001,266.93666666666667,738.7133333333334,VIP
CLI_0125,198.09,59,4.7,1224.3,287.96000000000004,1229.0,291.2615,937.7384999999999,VIP
CLI_0126,316.98,2,4.0,5957.88,760.92,5961.88,866.5799999999999,5095.3,VIP
CLI_0127,308.67,5,1.0,437.27,124.97,438.27,176.415,261.855,Standard
CLI_0128,99.91,48,3.39,969.9200000000001,229.8,973.3100000000001,231.83897959183673,741.4710204081633,VIP
CLI_0129,276.39,27,8.6,722.1800000000001,183.7,730.7800000000001,193.57107142857143,537.2089285714287,VIP
CLI_0130,185.5,27,4.3,1532.81,365.01,1537.11,371.635,1165.475,VIP
CLI_0131,99.47,54,1.8,1404.71,295.94,1406.51,297.7485454545455,1108.7614545454544,VIP
CLI_0132,81.51,42,5.8,105.76,39.129999999999995,111.56,41.02558139534883,70.53441860465117,Standard
CLI_0133,147.17,60,3.6799999999999997,5764.780000000001,502.27,5768.460000000001,504.6826229508197,5263.777377049181,VIP
CLI_0134,143.29,55,0.03,810.1599999999999,233.62,810.1899999999998,236.17875,574.0112499999998,VIP
CLI_0135,166.32,40,5.26,457.95000000000005,139.39,463.21000000000004,143.44658536585365,319.7634146341464,Standard
CLI_0136,186.83,48,2.4899999999999998,1267.25,308.65000000000003,1269.74,312.46285714285716,957.2771428571428,VIP
CLI_0137,89.53,51,1.83,466.25,114.53999999999999,468.08,116.26173076923077,351.8182692307692,Standard
CLI_0138,167.78,54,4.4,923.73,158.37,928.13,161.42054545454545,766.7094545454545,VIP
CLI_0139,102.49,64,0.0,1386.04,222.87,1386.04,224.44676923076923,1161.5932307692308,VIP
CLI_0140,182.98,50,4.3,280.81,51.94,285.11,55.5278431372549,229.5821568627451,Standard
CLI_0141,354.77,7,4.0600000000000005,630.74,131.75,634.8,176.09625,458.70374999999996,Standard
CLI_0142,285.2,11,1.18,705.27,250.67000000000002,706.4499999999999,274.43666666666667,432.01333333333326,Standard
CLI_0143,242.05,13,2.8,5664.26,615.55,5667.06,632.8392857142857,5034.220714285715,VIP
CLI_0144,162.87,30,1.8,4418.54,638.73,4420.34,643.983870967742,3776.356129032258,VIP
CLI_0145,194.23,31,2.0,4520.370000000001,405.57000000000005,4522.370000000001,411.63968750000004,4110.730312500001,VIP
CLI_0146,178.6,54,5.26,5449.82,760.8199999999999,5455.08,764.0672727272727,4691.012727272728,VIP
CLI_0147,191.85,14,1.5,2812.2200000000003,539.3299999999999,2813.7200000000003,552.1199999999999,2261.6000000000004,VIP
CLI_0148,122.94,65,2.48,810.67,262.48,813.15,264.3427272727273,548.8072727272727,VIP
CLI_0149,273.55,11,3.3,251.79,66.83,255.09,89.62583333333333,165.46416666666667,Standard
CLI_0150,265.65,14,2.5,621.75,113.4,624.25,131.11,493.14,Standard
CLI_0151,167.04,33,6.8,1790.86,283.38,1797.6599999999999,288.2929411764706,1509.3670588235293,VIP
CLI_0152,100.85,37,0.0,234.31,62.08,234.31,64.73394736842106,169.57605263157893,Standard
CLI_0153,165.44,67,3.6,3363.57,985.76,3367.17,988.1929411764705,2378.9770588235297,VIP
CLI_0154,265.2,26,0.3,984.07,271.86,984.37,281.6822222222222,702.6877777777778,VIP
CLI_0155,175.16,5,6.5,849.43,257.05,855.93,286.24333333333334,569.6866666666666,VIP
CLI_0156,108.78,64,1.34,593.9200000000001,142.05,595.2600000000001,143.72353846153848,451.5364615384616,Standard
CLI_0157,128.39,32,2.1,850.37,149.41,852.47,153.30060606060604,699.169393939394,VIP
CLI_0158,236.99,11,2.5,492.89,261.45,495.39,281.19916666666666,214.19083333333333,Standard
CLI_0159,190.07,13,6.79,2071.75,421.73,2078.54,435.30642857142857,1643.2335714285714,VIP
CLI_0160,169.86,69,5.83,1143.83,211.76,1149.6599999999999,214.18657142857143,935.4734285714285,VIP
CLI_0161,158.14,67,4.7299999999999995,4242.55,642.72,4247.28,645.0455882352942,3602.2344117647053,VIP
CLI_0162,224.19,24,1.97,634.31,187.37,636.28,196.3376,439.94239999999996,Standard
CLI_0163,170.47,35,1.9100000000000001,1486.96,315.48,1488.8700000000001,320.21527777777777,1168.6547222222223,VIP
CLI_0164,180.97,64,3.7,1033.88,221.75,1037.5800000000002,224.53415384615386,813.0458461538462,VIP
CLI_0165,136.55,62,0.8,2849.2799999999997,465.24,2850.08,467.40746031746033,2382.6725396825395,VIP
CLI_0166,394.78,5,2.3,381.4,114.93,383.7,180.7266666666667,202.9733333333333,Standard
CLI_0167,226.83,22,1.9,1256.6200000000001,239.01,1258.5200000000002,248.87217391304347,1009.6478260869567,VIP
CLI_0168,181.57,11,4.9,1071.38,321.62,1076.2800000000002,336.75083333333333,739.5291666666669,VIP
CLI_0169,161.14,69,0.0,1290.64,270.96,1290.64,273.262,1017.3780000000002,VIP
CLI_0170,165.02,13,0.57,877.44,178.43,878.0100000000001,190.21714285714287,687.7928571428572,VIP
CLI_0171,162.36,49,4.15,5778.99,701.55,5783.139999999999,704.7972,5078.342799999999,VIP
CLI_0172,113.93,31,1.5,2637.5099999999998,539.4,2639.0099999999998,542.9603125,2096.0496875,VIP
CLI_0173,193.72,10,3.6,750.5,176.65,754.1,194.26090909090908,559.8390909090909,VIP
CLI_0174,363.93,6,0.6,552.11,167.12,552.71,219.11,333.6,Standard
CLI_0175,107.26,54,1.84,543.4300000000001,132.52,545.2700000000001,134.47018181818183,410.7998181818183,Standard
CLI_0176,180.44,66,2.7,150.21,30.47,152.91,33.16313432835821,119.74686567164179,Standard
CLI_0177,155.86,13,0.0,720.54,133.76999999999998,720.54,144.90285714285713,575.6371428571429,VIP
CLI_0178,157.15,60,0.3,2603.1600000000003,476.91999999999996,2603.4600000000005,479.4962295081967,2123.9637704918036,VIP
CLI_0179,238.83,28,0.3,1182.18,249.31,1182.48,257.5455172413793,924.9344827586208,VIP
CLI_0180,141.52,63,4.26,3304.14,773.4300000000001,3308.4,775.64125,2532.75875,VIP
CLI_0181,226.33,6,2.1,1447.17,391.0,1449.27,423.33285714285716,1025.9371428571428,VIP
CLI_0182,105.52,51,3.0,275.40000000000003,63.69,278.40000000000003,65.71923076923076,212.68076923076927,Standard
CLI_0183,83.98,69,2.01,5238.35,627.5,5240.360000000001,628.6997142857143,4611.660285714286,VIP
CLI_0184,116.47,41,0.6,1525.42,242.01,1526.02,244.78309523809523,1281.2369047619047,VIP
CLI_0185,230.63,15,1.5,565.38,90.17,566.88,104.584375,462.295625,Standard
CLI_0186,287.66,15,2.81,1855.75,467.48,1858.56,485.45875,1373.10125,VIP
CLI_0187,367.8,3,5.16,674.1800000000001,211.9,679.34,303.85,375.49,Standard
CLI_0188,341.52,3,2.8,3267.2499999999995,873.84,3270.0499999999997,959.22,2310.83,VIP
CLI_0189,174.61,53,6.66,417.6,92.67999999999999,424.26000000000005,95.91351851851852,328.34648148148153,Standard
CLI_0190,233.0,25,1.8900000000000001,711.77,201.99,713.66,210.95153846153846,502.7084615384615,VIP
CLI_0191,152.06,24,2.21,784.95,191.01,787.1600000000001,197.0924,590.0676000000001,VIP
CLI_0192,188.86,36,2.1,1375.43,338.45000000000005,1377.53,343.5543243243244,1033.9756756756756,VIP
CLI_0193,234.15,22,1.3,562.04,155.51999999999998,563.3399999999999,165.70043478260868,397.63956521739124,Standard
CLI_0194,212.09,19,4.1,700.72,222.66,704.82,233.2645,471.55550000000005,Standard
CLI_0195,122.2,28,0.63,829.03,131.96,829.66,136.17379310344828,693.4862068965517,VIP
CLI_0196,133.65,67,1.6,633.5,225.61,635.1,227.5754411764706,407.52455882352945,Standard
CLI_0197,192.07,29,3.6799999999999997,901.4000000000001,325.15999999999997,905.08,331.5623333333333,573.5176666666667,VIP
CLI_0198,183.75,66,6.64,254.89,55.3,261.53,58.04253731343283,203.48746268656714,Standard
CLI_0199,209.33,30,1.92,38.98,24.6,40.9,31.352580645161293,9.547419354838706,Standard
CLI_0200,125.65,62,4.15,932.77,260.40999999999997,936.92,262.40444444444444,674.5155555555555,VIP
CLI_0201,295.36,22,0.0,1211.74,279.87,1211.74,292.7117391304348,919.0282608695652,VIP
CLI_0202,93.29,36,6.18,1083.9099999999999,201.47,1090.09,203.99135135135134,886.0986486486486,VIP
CLI_0203,130.71,40,5.5,348.82,142.67000000000002,354.32,145.85804878048782,208.46195121951217,Standard
CLI_0204,85.04,54,0.5,678.96,138.9,679.46,140.44618181818183,539.0138181818182,VIP
CLI_0205,247.98,29,2.69,1076.01,254.02999999999997,1078.7,262.296,816.404,VIP
CLI_0206,190.17,63,0.76,214.5,68.22,215.26,71.19140625,144.06859375,Standard
CLI_0207,113.6,55,1.5,1946.0500000000002,433.78999999999996,1947.5500000000002,435.8185714285714,1511.7314285714288,VIP
CLI_0208,271.67,27,3.6,989.8499999999999,213.12,993.4499999999999,222.8225,770.6274999999999,VIP
CLI_0209,158.44,32,1.46,277.64,55.1,279.09999999999997,59.901212121212126,219.19878787878784,Standard
CLI_0210,282.15,21,2.09,674.83,164.53,676.9200000000001,177.355,499.56500000000005,Standard
CLI_0211,170.48,57,2.5,1118.07,252.83,1120.57,255.7693103448276,864.8006896551724,VIP
CLI_0212,176.59,63,5.27,192.75,66.8,198.02,69.55921875,128.46078125000003,Standard
CLI_0213,103.6,32,1.04,142.94,61.61,143.98,64.74939393939394,79.23060606060605,Standard
CLI_0214,292.56,23,0.3,915.92,246.39,916.2199999999999,258.58,657.6399999999999,VIP
CLI_0215,245.33,30,3.09,410.93,116.06,414.02,123.97387096774193,290.046129032258,Standard
CLI_0216,116.57,57,0.3,4952.52,791.73,4952.820000000001,793.739827586207,4159.080172413794,VIP
CLI_0217,357.35,3,1.0,3263.23,526.4000000000001,3264.23,615.7375000000001,2648.4925,VIP
CLI_0218,113.78,62,0.0,92.82,26.88,92.82,28.686031746031745,64.13396825396825,Standard
CLI_0219,274.55,17,5.05,565.27,139.4,570.3199999999999,154.65277777777777,415.66722222222216,Standard
CLI_0220,178.15,5,2.3,681.3,120.59,683.5999999999999,150.28166666666667,533.3183333333333,VIP
CLI_0221,240.74,25,1.4,1402.6,263.40000000000003,1404.0,272.6592307692308,1131.3407692307692,VIP
CLI_0222,144.88,72,4.38,203.73000000000002,69.49,208.11,71.47465753424657,136.63534246575344,Standard
CLI_0223,119.31,25,0.0,695.28,150.09,695.28,154.67884615384617,540.6011538461538,VIP
CLI_0224,148.38,32,0.0,685.62,133.45,685.62,137.94636363636363,547.6736363636364,VIP
CLI_0225,81.49,50,0.46,5129.33,906.49,5129.79,908.0878431372549,4221.702156862745,VIP
CLI_0226,136.25,45,0.23,4868.76,530.52,4868.99,533.4819565217391,4335.50804347826,VIP
CLI_0227,160.25,28,0.0,1147.4099999999999,300.45,1147.4099999999999,305.9758620689655,841.4341379310343,VIP
CLI_0228,299.59,8,1.6,455.20000000000005,157.52,456.80000000000007,190.8077777777778,265.99222222222227,Standard
CLI_0229,115.67,48,1.0,232.32999999999998,56.32,233.32999999999998,58.68061224489796,174.64938775510203,Standard
CLI_0230,115.99,44,4.0,1116.09,180.87,1120.09,183.44755555555557,936.6424444444443,VIP
CLI_0231,169.18,56,0.38,744.93,209.41,745.31,212.37807017543858,532.9319298245614,VIP
CLI_0232,85.78,53,2.37,1215.98,218.81,1218.35,220.39851851851853,997.9514814814813,VIP
CLI_0233,188.35,64,2.76,563.6600000000001,159.69,566.4200000000001,162.5876923076923,403.8323076923078,Standard
CLI_0234,270.45,34,0.6,3460.26,686.89,3460.86,694.6171428571429,2766.2428571428572,VIP
CLI_0235,160.14,61,1.5,897.78,233.32999999999998,899.28,235.91290322580645,663.3670967741936,VIP
CLI_0236,298.31,5,0.8999999999999999,5748.349999999999,627.83,5749.249999999999,677.5483333333334,5071.701666666666,VIP
CLI_0237,373.08,3,1.8,119.2,25.57,121.0,118.84,2.1599999999999966,Standard
CLI_0238,102.24,69,3.8,782.1700000000001,205.48,785.97,206.94057142857142,579.0294285714286,VIP
CLI_0239,115.79,29,2.5,1849.0,350.6,1851.5,354.4596666666667,1497.0403333333334,VIP
CLI_0240,108.74,57,1.6,4425.43,630.16,4427.030000000001,632.0348275862069,3794.9951724137936,VIP
CLI_0241,258.92,23,1.8,2562.71,596.7299999999999,2564.51,607.5183333333332,1956.991666666667,VIP
CLI_0242,84.16,53,0.3,489.65999999999997,118.87,489.96,120.42851851851853,369.5314814814815,Standard
CLI_0243,149.94,52,0.79,297.19,134.57,297.98,137.39905660377357,160.58094339622644,Standard
CLI_0244,199.45,50,2.5,1607.0900000000001,302.95,1609.5900000000001,306.8607843137255,1302.7292156862745,VIP
CLI_0245,182.68,52,1.0,440.96,84.57,441.96,88.01679245283019,353.9432075471698,Standard
CLI_0246,204.29,15,1.59,755.84,181.22,757.4300000000001,193.988125,563.4418750000001,VIP
CLI_0247,87.64,69,3.0,2847.04,593.2800000000001,2850.04,594.532,2255.508,VIP
CLI_0248,266.27,18,1.9100000000000001,160.1,33.05,162.01,47.06421052631578,114.94578947368421,Standard
CLI_0249,219.8,25,0.0,219.96,71.76,219.96,80.21384615384616,139.74615384615385,Standard
CLI_0250,93.79,42,3.1,1544.67,314.05,1547.77,316.2311627906977,1231.5388372093023,VIP
CLI_0251,118.77,14,0.3,534.34,160.81,534.64,168.728,365.912,Standard
CLI_0252,189.16,36,1.5,5378.98,680.7,5380.48,685.8124324324325,4694.667567567567,VIP
CLI_0253,233.84,13,3.6,3011.9,612.66,3015.5,629.3628571428571,2386.137142857143,VIP
CLI_0254,179.51,43,3.37,259.7,62.65,263.07,66.72977272727273,196.34022727272725,Standard
CLI_0255,369.74,2,2.96,2214.42,350.22,2217.38,473.4666666666667,1743.9133333333334,VIP
CLI_0256,148.61,42,0.47,2417.1,635.9499999999999,2417.5699999999997,639.4060465116279,1778.1639534883718,VIP
CLI_0257,203.49,32,3.0,985.27,195.62,988.27,201.78636363636363,786.4836363636364,VIP
CLI_0258,257.61,10,0.5700000000000001,1310.59,290.61,1311.1599999999999,314.02909090909094,997.130909090909,VIP
CLI_0259,118.03,48,2.0,3849.23,624.77,3851.23,627.1787755102041,3224.051224489796,VIP
CLI_0260,186.92,24,5.39,609.75,129.99,615.14,137.4668,477.67319999999995,Standard
CLI_0261,254.78,14,1.13,543.4300000000001,123.25,544.5600000000001,140.23533333333333,404.32466666666676,Standard
CLI_0262,300.48,11,2.5,199.15,46.32,201.65,71.36,130.29000000000002,Standard
CLI_0263,187.1,36,0.5,926.52,227.8,927.02,232.85675675675677,694.1632432432432,VIP
CLI_0264,188.68,22,2.86,1587.74,247.53,1590.6,255.73347826086956,1334.8665217391303,VIP
CLI_0265,301.77,6,3.86,1170.09,201.39000000000001,1173.9499999999998,244.5,929.4499999999998,VIP
CLI_0266,307.83,3,0.0,4280.349999999999,437.18,4280.349999999999,514.1375,3766.2124999999996,VIP
CLI_0267,218.34,17,0.6,3454.13,744.38,3454.73,756.51,2698.2200000000003,VIP
CLI_0268,164.32,52,0.3,1036.54,238.10000000000002,1036.84,241.20037735849058,795.6396226415093,VIP
CLI_0269,108.49,47,0.45,858.8399999999999,181.74,859.29,184.00020833333335,675.2897916666666,VIP
CLI_0270,141.48,56,2.8,545.6700000000001,157.09,548.47,159.5721052631579,388.8978947368421,Standard
CLI_0271,92.51,40,4.06,170.16,52.92,174.22,55.17634146341464,119.04365853658535,Standard
CLI_0272,126.14,67,0.0,556.99,169.45,556.99,171.30499999999998,385.68500000000006,Standard
CLI_0273,271.92,9,2.8,518.51,128.55,521.31,155.74200000000002,365.5679999999999,Standard
CLI_0274,230.44,24,3.52,535.51,190.29,539.03,199.5076,339.52239999999995,Standard
CLI_0275,194.06,61,2.4,263.71,66.37,266.10999999999996,69.5,196.60999999999996,Standard
CLI_0276,300.16,4,4.0,5426.320000000001,577.5699999999999,5430.320000000001,637.602,4792.718000000001,VIP
CLI_0277,169.23,58,2.8,903.27,249.26,906.0699999999999,252.12830508474576,653.9416949152542,VIP
CLI_0278,140.75,36,4.5,1242.59,267.92,1247.09,271.7240540540541,975.3659459459459,VIP
CLI_0279,156.09,63,3.34,1328.04,318.86,1331.3799999999999,321.29890625,1010.0810937499998,VIP
CLI_0280,88.51,53,3.48,2245.02,450.53999999999996,2248.5,452.17907407407404,1796.320925925926,VIP
CLI_0281,110.53,37,3.28,1688.8000000000002,313.04,1692.0800000000002,315.9486842105263,1376.1313157894738,VIP
CLI_0282,172.37,13,1.8,1314.52,157.68,1316.32,169.99214285714285,1146.327857142857,VIP
CLI_0283,268.12,4,1.3,3935.01,820.44,3936.3100000000004,874.0640000000001,3062.246,VIP
CLI_0284,85.48,54,2.6399999999999997,945.8399999999999,186.89,948.4799999999999,188.44418181818182,760.0358181818181,VIP
CLI_0285,128.0,15,0.0,379.40999999999997,102.45,379.40999999999997,110.45,268.96,Standard
CLI_0286,113.22,62,3.0,63.17,22.26,66.17,24.057142857142857,42.112857142857145,Standard
CLI_0287,196.58,44,0.3,3658.08,585.56,3658.38,589.9284444444444,3068.451555555556,VIP
CLI_0288,166.27,13,1.9600000000000002,244.56,55.6,246.52,67.47642857142857,179.04357142857145,Standard
CLI_0289,196.41,27,1.5,1572.06,291.21000000000004,1573.56,298.2246428571429,1275.335357142857,VIP
CLI_0290,103.53,71,3.9299999999999997,2626.84,673.88,2630.77,675.3179166666666,1955.4520833333333,VIP
CLI_0291,222.16,18,3.1799999999999997,1341.41,186.42000000000002,1344.5900000000001,198.11263157894737,1146.4773684210527,VIP
CLI_0292,113.68,67,0.9199999999999999,1623.4499999999998,295.88,1624.37,297.55176470588236,1326.8182352941176,VIP
CLI_0293,141.4,20,1.5,1136.96,252.24,1138.46,258.97333333333336,879.4866666666667,VIP
CLI_0294,279.14,6,1.5,1500.15,388.97,1501.65,428.8471428571429,1072.8028571428572,VIP
CLI_0295,101.1,23,0.69,345.99,130.26,346.68,134.4725,212.2075,Standard
CLI_0296,80.92,42,0.91,4242.85,480.78,4243.76,482.66186046511626,3761.098139534884,VIP
CLI_0297,143.81,22,2.0,896.5699999999999,176.93,898.5699999999999,183.1826086956522,715.3873913043477,VIP
CLI_0298,84.41,63,1.0,1483.31,513.78,1484.31,515.09890625,969.2110937499999,VIP
CLI_0299,121.61,23,0.0,576.02,155.37,576.02,160.43708333333333,415.5829166666666,Standard
CLI_0300,120.66,44,0.09,4419.87,782.79,4419.96,785.4713333333333,3634.4886666666666,VIP
CLI_0301,176.31,71,3.08,1342.1200000000001,359.38,1345.2,361.82875,983.37125,VIP
CLI_0302,214.41,31,2.96,797.23,123.91,800.19,130.6103125,669.5796875000001,VIP
CLI_0303,141.52,61,2.76,6485.74,933.6700000000001,6488.5,935.9525806451613,5552.547419354839,VIP
CLI_0304,158.7,29,3.59,1491.96,296.12,1495.55,301.41,1194.1399999999999,VIP
CLI_0305,191.81,55,3.23,1863.07,318.46,1866.3,321.8851785714285,1544.4148214285715,VIP
CLI_0306,127.64,56,1.8,221.76999999999998,53.7,223.57,55.93929824561404,167.63070175438594,Standard
CLI_0307,90.45,69,5.62,1106.43,186.69,1112.05,187.98214285714286,924.0678571428571,VIP
CLI_0308,223.41,35,0.3,377.31,144.42000000000002,377.61,150.62583333333336,226.98416666666665,Standard
CLI_0309,178.46,10,2.84,2312.04,652.29,2314.88,668.5136363636364,1646.3663636363638,VIP
CLI_0310,121.43,56,3.46,712.4000000000001,145.04000000000002,715.8600000000001,147.17035087719302,568.6896491228072,VIP
CLI_0311,276.85,10,1.6,4149.74,450.55,4151.34,475.71818181818185,3675.6218181818185,VIP
CLI_0312,274.84,13,5.46,575.31,173.05,580.77,192.68142857142857,388.0885714285714,Standard
CLI_0313,139.23,74,3.4,686.13,178.74,689.53,180.59640000000002,508.93359999999996,VIP
CLI_0314,164.27,64,1.89,776.58,204.47,778.47,206.99723076923078,571.4727692307692,VIP
CLI_0315,199.14,72,2.5,805.18,192.91,807.68,195.63794520547944,612.0420547945205,VIP
CLI_0316,95.78,40,8.8,998.9300000000001,294.03,1007.73,296.36609756097556,711.3639024390245,VIP
CLI_0317,112.97,45,4.47,5263.75,758.6099999999999,5268.22,761.0658695652173,4507.154130434783,VIP
CLI_0318,127.35,54,0.3,563.0799999999999,245.76999999999998,563.3799999999999,248.08545454545452,315.29454545454536,Standard
CLI_0319,255.46,2,4.68,3507.8199999999997,724.84,3512.4999999999995,809.9933333333333,2702.506666666666,VIP
CLI_0320,182.2,17,3.85,360.33,74.82,364.18,84.94222222222221,279.2377777777778,Standard
CLI_0321,188.91,59,1.0,267.39,94.6,268.39,97.74849999999999,170.6415,Standard
CLI_0322,242.81,35,1.52,178.65,58.620000000000005,180.17000000000002,65.36472222222223,114.80527777777779,Standard
CLI_0323,152.95,42,2.54,448.78999999999996,148.04,451.33,151.59697674418604,299.7330232558139,Standard
CLI_0324,161.87,33,0.0,788.61,140.67000000000002,788.61,145.43088235294118,643.1791176470588,VIP
CLI_0325,178.85,58,3.46,94.50999999999999,26.2,97.96999999999998,29.23135593220339,68.7386440677966,Standard
CLI_0326,194.61,68,3.01,3785.04,675.2,3788.05,678.0204347826087,3110.0295652173913,VIP
CLI_0327,178.54,42,1.9100000000000001,4279.360000000001,658.01,4281.27,662.1620930232558,3619.1079069767447,VIP
CLI_0328,100.31,17,1.5,89.92,26.48,91.42,32.05277777777778,59.367222222222225,Standard
CLI_0329,227.28,12,3.88,1087.85,223.75,1091.73,241.2330769230769,850.4969230769232,VIP
CLI_0330,86.14,66,2.56,283.39,62.82,285.95,64.10567164179105,221.84432835820894,Standard
CLI_0331,110.91,59,2.5,546.28,191.01999999999998,548.78,192.86849999999998,355.9115,Standard
CLI_0332,164.88,6,1.0699999999999998,1063.88,309.94,1064.95,333.4942857142857,731.4557142857143,VIP
CLI_0333,152.46,72,0.17,750.53,286.07000000000005,750.6999999999999,288.158493150685,462.54150684931494,Standard
CLI_0334,321.65,4,0.3,478.44000000000005,144.45999999999998,478.74000000000007,208.78999999999996,269.9500000000001,Standard
CLI_0335,93.74,42,3.3,681.88,126.37,685.18,128.55,556.6299999999999,VIP
CLI_0336,126.06,55,4.140000000000001,506.72,134.19,510.86,136.44107142857143,374.4189285714286,Standard
CLI_0337,191.25,35,2.06,4552.320000000001,638.94,4554.380000000001,644.2525,3910.127500000001,VIP
CLI_0338,173.81,16,1.5,637.3100000000001,121.88,638.8100000000001,132.1041176470588,506.7058823529412,VIP
CLI_0339,94.52,74,4.09,3457.36,545.21,3461.4500000000003,546.4702666666667,2914.9797333333336,VIP
CLI_0340,183.79,26,4.29,1895.9099999999999,323.96000000000004,1900.1999999999998,330.7670370370371,1569.4329629629628,VIP
CLI_0341,170.14,42,0.0,309.31,118.44000000000001,309.31,122.39674418604652,186.91325581395347,Standard
CLI_0342,114.2,18,1.8,1197.7,211.43,1199.5,217.44052631578947,982.0594736842105,VIP
CLI_0343,89.62,49,0.21,872.2199999999999,177.87,872.43,179.6624,692.7675999999999,VIP
CLI_0344,122.57,63,1.5,1459.6599999999999,304.01,1461.1599999999999,305.92515625,1155.23484375,VIP
CLI_0345,385.43,3,1.42,4270.3,650.18,4271.72,746.5374999999999,3525.1825000000003,VIP
CLI_0346,233.71,25,1.3,407.32,128.34,408.62,137.32884615384614,271.29115384615386,Standard
CLI_0347,161.44,65,2.5,546.1,137.8,548.6,140.2460606060606,408.3539393939394,Standard
CLI_0348,240.48,3,1.5,930.8600000000001,251.33999999999997,932.3600000000001,311.46,620.9000000000001,VIP
CLI_0349,298.42,5,0.19,927.6300000000001,188.44,927.8200000000002,238.17666666666668,689.6433333333334,VIP
CLI_0350,152.53,5,1.0,1104.6,249.44,1105.6,274.8616666666667,830.7383333333332,VIP
CLI_0351,156.33,72,0.3,190.47,71.53,190.77,73.67150684931507,117.09849315068494,Standard
CLI_0352,282.66,21,3.04,1680.31,407.23,1683.35,420.07818181818186,1263.2718181818182,VIP
CLI_0353,303.14,10,2.75,703.3,148.2,706.05,175.7581818181818,530.2918181818181,VIP
CLI_0354,184.84,69,4.5,1338.73,245.81,1343.23,248.45057142857144,1094.7794285714285,VIP
CLI_0355,244.79,22,1.3,1110.75,214.89,1112.05,225.53304347826085,886.5169565217391,VIP
CLI_0356,124.11,24,1.71,285.36,64.64,287.07,69.6044,217.4656,Standard
CLI_0357,188.29,40,4.62,2012.8900000000003,296.69,2017.5100000000002,301.2824390243902,1716.22756097561,VIP
CLI_0358,87.97,72,0.0,3449.2,450.53,3449.2,451.73506849315066,2997.464931506849,VIP
CLI_0359,206.79,26,1.78,371.74,125.93,373.52,133.5888888888889,239.93111111111108,Standard
CLI_0360,97.06,65,3.82,2466.25,634.4,2470.07,635.8706060606061,1834.1993939393942,VIP
CLI_0361,102.34,27,2.5,212.23000000000002,55.010000000000005,214.73000000000002,58.665000000000006,156.065,Standard
CLI_0362,130.64,42,1.5,198.37,66.41999999999999,199.87,69.45813953488371,130.4118604651163,Standard
CLI_0363,115.4,60,2.5,4962.68,644.14,4965.18,646.0318032786885,4319.148196721312,VIP
CLI_0364,197.2,29,3.37,395.8,108.08999999999999,399.17,114.66333333333333,284.50666666666666,Standard
CLI_0365,149.26,56,5.0,3364.2799999999997,532.0799999999999,3369.2799999999997,534.698596491228,2834.5814035087715,VIP
CLI_0366,85.25,68,2.56,1288.96,243.91,1291.52,245.1455072463768,1046.3744927536231,VIP
CLI_0367,124.6,26,1.68,357.38,127.99000000000001,359.06,132.60481481481483,226.45518518518517,Standard
CLI_0368,211.73,28,2.08,1802.33,364.31,1804.4099999999999,371.6110344827586,1432.7989655172412,VIP
CLI_0369,121.18,51,2.0,1094.1,235.18,1096.1,237.51038461538462,858.5896153846153,VIP
CLI_0370,332.29,11,0.22,1205.12,332.06,1205.34,359.75083333333333,845.5891666666666,VIP
CLI_0371,313.07,9,1.3,387.90999999999997,120.99,389.21,152.297,236.91299999999998,Standard
CLI_0372,181.47,50,6.79,1417.19,222.03000000000003,1423.98,225.58823529411768,1198.3917647058825,VIP
CLI_0373,163.1,56,1.0,4635.69,476.41,4636.69,479.271403508772,4157.418596491228,VIP
CLI_0374,131.59,66,0.3,1020.62,238.48,1020.92,240.44402985074626,780.4759701492537,VIP
CLI_0375,234.59,12,6.26,791.39,233.25,797.65,251.29538461538462,546.3546153846154,VIP
CLI_0376,113.05,69,6.32,819.3199999999999,121.18,825.64,122.795,702.845,VIP
CLI_0377,161.26,34,3.21,4975.150000000001,736.38,4978.360000000001,740.9874285714286,4237.372571428572,VIP
CLI_0378,174.68,47,5.64,687.34,285.44,692.98,289.07916666666665,403.90083333333337,Standard
CLI_0379,133.57,69,0.0,443.05,172.6,443.05,174.50814285714284,268.54185714285717,Standard
CLI_0380,175.81,47,4.0,2895.72,416.63,2899.72,420.29270833333334,2479.4272916666664,VIP
CLI_0381,178.69,69,0.8600000000000001,4164.24,649.3,4165.099999999999,651.8527142857142,3513.247285714285,VIP
CLI_0382,271.51,31,1.5,128.97,30.3,130.47,38.784687500000004,91.6853125,Standard
CLI_0383,283.33,32,2.35,429.68999999999994,88.41,432.03999999999996,96.99575757575758,335.0442424242424,Standard
CLI_0384,257.75,4,0.3,2458.8900000000003,666.87,2459.1900000000005,718.42,1740.7700000000004,VIP
CLI_0385,163.77,20,2.3,530.74,142.03,533.04,149.82857142857142,383.21142857142854,Standard
CLI_0386,295.55,10,0.0,3993.57,731.0,3993.57,757.8681818181818,3235.7018181818185,VIP
CLI_0387,124.54,40,0.0,357.95,111.9,357.95,114.93756097560976,243.01243902439023,Standard
CLI_0388,152.13,70,1.1,2434.17,410.11,2435.27,412.25267605633803,2023.017323943662,VIP
CLI_0389,164.67,48,3.54,1169.21,230.05,1172.75,233.41061224489798,939.339387755102,VIP
CLI_0390,237.68,35,1.5999999999999999,909.03,283.25,910.63,289.8522222222222,620.7777777777778,VIP
CLI_0391,174.91,26,1.5,490.33000000000004,107.41000000000001,491.83000000000004,113.88814814814816,377.9418518518519,Standard
CLI_0392,100.02,68,6.58,1438.8600000000001,365.94,1445.44,367.3895652173913,1078.0504347826088,VIP
CLI_0393,186.11,29,0.6,6731.150000000001,615.55,6731.750000000001,621.7536666666666,6109.996333333334,VIP
CLI_0394,97.11,37,2.14,646.61,121.95,648.75,124.50552631578948,524.2444736842106,VIP
CLI_0395,186.81,58,5.59,1750.05,335.18,1755.6399999999999,338.3462711864407,1417.2937288135593,VIP
CLI_0396,169.18,24,2.95,1317.2800000000002,216.33,1320.2300000000002,223.09720000000002,1097.1328000000003,VIP
CLI_0397,130.89,15,5.3100000000000005,2601.0499999999997,422.48,2606.3599999999997,430.66062500000004,2175.6993749999997,VIP
CLI_0398,105.09,20,4.75,929.23,187.67,933.98,192.6742857142857,741.3057142857143,VIP
CLI_0399,229.16,14,1.55,291.97,75.17,293.52000000000004,90.44733333333333,203.0726666666667,Standard
CLI_0400,227.38,22,4.81,1186.49,255.97000000000003,1191.3,265.8560869565218,925.4439130434782,VIP
CLI_0401,168.12,28,0.0,289.63,51.71,289.63,57.507241379310344,232.12275862068964,Standard
CLI_0402,88.61,49,0.45,457.22,127.83,457.67,129.6022,328.06780000000003,Standard
CLI_0403,252.41,7,4.14,814.73,274.81,818.87,306.36125,512.50875,VIP
CLI_0404,227.8,7,3.3,3784.37,580.11,3787.67,608.585,3179.085,VIP
CLI_0405,235.42,24,3.3,1628.51,535.25,1631.81,544.6668,1087.1432,VIP
CLI_0406,301.44,4,4.6,645.36,134.88,649.96,195.168,454.79200000000003,Standard
CLI_0407,123.75,38,4.55,1430.72,359.41,1435.27,362.58307692307693,1072.686923076923,VIP
CLI_0408,106.15,63,2.0,935.75,255.89,937.75,257.54859375,680.20140625,VIP
CLI_0409,297.61,17,1.3,1199.06,355.54,1200.36,372.0738888888889,828.286111111111,VIP
CLI_0410,134.48,64,0.5,169.85999999999999,37.05,170.35999999999999,39.118923076923075,131.24107692307692,Standard
CLI_0411,237.65,16,0.0,480.38,142.41,480.38,156.38941176470587,323.9905882352941,Standard
CLI_0412,96.87,50,4.25,991.88,172.88,996.13,174.77941176470588,821.3505882352941,VIP
CLI_0413,197.12,34,1.8,1067.68,320.96000000000004,1069.48,326.59200000000004,742.8879999999999,VIP
CLI_0414,105.51,31,7.46,5546.58,698.16,5554.04,701.4571874999999,4852.5828125,VIP
CLI_0415,140.65,61,0.43,1252.49,195.05,1252.92,197.3185483870968,1055.6014516129032,VIP
CLI_0416,195.68,64,1.58,3083.97,700.5100000000001,3085.5499999999997,703.5204615384616,2382.0295384615383,VIP
CLI_0417,176.84,30,3.0,845.19,223.24,848.19,228.94451612903228,619.2454838709677,VIP
CLI_0418,107.8,34,4.16,2988.09,495.83000000000004,2992.25,498.91,2493.34,VIP
CLI_0419,106.19,33,0.0,717.15,195.95999999999998,717.15,199.08323529411763,518.0667647058824,VIP
CLI_0420,177.6,14,0.3,5990.85,785.6700000000001,5991.150000000001,797.5100000000001,5193.64,VIP
CLI_0421,132.0,16,2.5,137.1,32.47,139.6,40.23470588235294,99.36529411764705,Standard
CLI_0422,82.8,52,1.33,3561.54,790.38,3562.87,791.9422641509434,2770.9277358490563,VIP
CLI_0423,251.24,14,1.0,972.92,199.09000000000003,973.92,215.83933333333337,758.0806666666666,VIP
CLI_0424,191.7,27,1.5,3551.13,627.3199999999999,3552.63,634.1664285714285,2918.4635714285714,VIP
CLI_0425,157.85,13,1.5,557.3499999999999,155.1,558.8499999999999,166.375,392.4749999999999,Standard
CLI_0426,188.01,69,0.3,972.5700000000002,221.32,972.8700000000001,224.00585714285714,748.864142857143,VIP
CLI_0427,123.23,26,5.28,1226.5,275.56,1231.78,280.1240740740741,951.6559259259259,VIP
CLI_0428,291.18,15,0.0,98.19,25.880000000000003,98.19,44.07875,54.11125,Standard
CLI_0429,117.68,37,1.3,1253.11,301.40999999999997,1254.4099999999999,304.5068421052631,949.9031578947368,VIP
CLI_0430,186.61,67,1.39,223.64,52.769999999999996,225.02999999999997,55.51426470588235,169.51573529411763,Standard
CLI_0431,152.35,64,2.35,4610.35,959.13,4612.700000000001,961.4738461538461,3651.2261538461544,VIP
CLI_0432,265.34,19,1.01,4498.41,440.55,4499.42,453.817,4045.603,VIP
CLI_0433,296.8,25,4.27,5593.42,755.71,5597.6900000000005,767.1253846153846,4830.5646153846155,VIP
CLI_0434,222.1,4,3.19,635.5,155.29,638.69,199.70999999999998,438.9800000000001,Standard
CLI_0435,195.34,53,0.56,2143.8,335.42,2144.36,339.03740740740744,1805.3225925925926,VIP
CLI_0436,126.74,70,3.63,3498.2400000000002,795.49,3501.8700000000003,797.2750704225352,2704.5949295774653,VIP
CLI_0437,126.26,55,0.0,1182.86,215.66,1182.86,217.91464285714287,964.945357142857,VIP
CLI_0438,168.08,15,3.16,379.92999999999995,120.77000000000001,383.09,131.275,251.81499999999997,Standard
CLI_0439,144.97,70,3.35,564.63,125.3,567.98,127.3418309859155,440.6381690140845,Standard
CLI_0440,98.5,57,3.65,1281.0700000000002,269.42,1284.7200000000003,271.11827586206897,1013.6017241379313,VIP
CLI_0441,146.45,65,0.0,174.51,56.620000000000005,174.51,58.8389393939394,115.67106060606059,Standard
CLI_0442,145.0,42,4.6,223.77,52.41,228.37,55.78209302325581,172.5879069767442,Standard
CLI_0443,252.38,25,1.0,602.88,122.66,603.88,132.3669230769231,471.51307692307694,Standard
CLI_0444,266.73,25,5.78,354.32,93.68,360.09999999999997,103.93884615384616,256.1611538461538,Standard
CLI_0445,188.09,22,5.68,3110.97,562.17,3116.6499999999996,570.3478260869565,2546.302173913043,VIP
CLI_0446,116.28,70,3.25,5391.59,905.75,5394.84,907.3877464788733,4487.452253521127,VIP
CLI_0447,111.12,54,5.16,5867.700000000001,778.05,5872.860000000001,780.0703636363636,5092.789636363637,VIP
CLI_0448,138.92,13,1.8,691.52,238.05,693.3199999999999,247.97285714285715,445.3471428571428,Standard
CLI_0449,111.53,24,4.0,4760.29,594.6400000000001,4764.29,599.1012000000001,4165.1888,VIP
CLI_0450,168.49,24,2.36,582.69,134.32999999999998,585.0500000000001,141.06959999999998,443.9804000000001,Standard
CLI_0451,154.05,14,0.0,1056.64,236.66,1056.64,246.93,809.71,VIP
CLI_0452,195.97,64,5.05,720.37,131.93,725.42,134.9449230769231,590.4750769230768,VIP
CLI_0453,146.93,56,7.0,400.1,77.84,407.1,80.41771929824561,326.6822807017544,Standard
CLI_0454,236.82,2,4.6,1427.63,327.86,1432.23,406.8,1025.43,VIP
CLI_0455,216.09,24,2.85,953.0,132.0,955.85,140.6436,815.2064,VIP
CLI_0456,127.84,20,2.5,317.19,111.15,319.69,117.23761904761905,202.45238095238096,Standard
CLI_0457,188.81,32,0.6,1720.56,293.01,1721.1599999999999,298.73151515151517,1422.4284848484847,VIP
CLI_0458,155.15,36,2.1799999999999997,5153.0599999999995,639.79,5155.24,643.9832432432432,4511.256756756757,VIP
CLI_0459,138.67,40,4.91,761.53,153.97,766.4399999999999,157.3521951219512,609.0878048780487,VIP
CLI_0460,128.21,59,2.5,1760.47,299.62,1762.97,301.75683333333336,1461.2131666666667,VIP
CLI_0461,199.26,71,2.5,1739.6999999999998,275.61,1742.1999999999998,278.3775,1463.8224999999998,VIP
CLI_0462,185.64,49,1.5,4087.94,402.24,4089.44,405.9528,3683.4872,VIP
CLI_0463,305.85,6,5.12,1212.59,206.24,1217.7099999999998,249.93285714285716,967.7771428571426,VIP
CLI_0464,292.34,4,0.0,1182.0900000000001,264.13,1182.0900000000001,322.598,859.4920000000002,VIP
CLI_0465,224.13,22,1.5,2399.13,516.1800000000001,2400.63,525.9247826086958,1874.7052173913044,VIP
CLI_0466,104.16,58,1.5,4326.59,977.7099999999999,4328.09,979.4754237288134,3348.6145762711867,VIP
CLI_0467,127.42,39,3.0,502.2,134.46,505.2,137.6455,367.55449999999996,Standard
CLI_0468,84.74,39,0.15,251.88,75.35,252.03,77.46849999999999,174.56150000000002,Standard
CLI_0469,195.11,14,2.65,1440.2,346.4,1442.8500000000001,359.4073333333333,1083.4426666666668,VIP
CLI_0470,145.16,45,1.0,341.82,150.12,342.82,153.27565217391304,189.54434782608695,Standard
CLI_0471,107.33,36,2.02,1073.77,352.0,1075.79,354.9008108108108,720.8891891891892,VIP
CLI_0472,391.01,7,2.1,573.88,180.94,575.98,229.81625,346.16375000000005,Standard
CLI_0473,189.13,47,7.38,616.25,141.04,623.63,144.98020833333334,478.64979166666666,Standard
CLI_0474,166.66,58,3.3,1269.55,323.98999999999995,1272.85,326.8147457627118,946.0352542372881,VIP
CLI_0475,144.01,56,3.23,1054.8,229.82999999999998,1058.03,232.35649122807015,825.6735087719298,VIP
CLI_0476,184.4,64,3.8,2009.8600000000001,397.2,2013.66,400.0369230769231,1613.623076923077,VIP
CLI_0477,126.13,13,4.02,1078.59,349.8,1082.61,358.80928571428575,723.8007142857141,VIP
CLI_0478,174.86,51,2.86,479.42,172.42000000000002,482.28000000000003,175.78269230769232,306.4973076923077,Standard
CLI_0479,124.96,14,0.81,283.85,98.61000000000001,284.66,106.94066666666669,177.71933333333334,Standard
CLI_0480,175.31,63,1.5,1920.9399999999998,308.63,1922.4399999999998,311.36921875,1611.0707812499998,VIP
CLI_0481,155.15,31,0.77,806.22,253.88,806.99,258.7284375,548.2615625000001,VIP
CLI_0482,275.42,27,3.29,765.05,136.25,768.3399999999999,146.08642857142857,622.2535714285714,VIP
CLI_0483,193.29,66,2.3,1819.29,545.43,1821.59,548.3149253731343,1273.2750746268657,VIP
CLI_0484,129.76,35,2.13,4164.06,868.2099999999999,4166.1900000000005,871.8144444444443,3294.3755555555563,VIP
CLI_0485,192.54,34,0.0,691.03,203.12,691.03,208.62114285714287,482.4088571428571,Standard
CLI_0486,197.72,53,0.63,518.04,145.39,518.67,149.05148148148146,369.6185185185185,Standard
CLI_0487,138.01,51,0.8,1696.96,264.59000000000003,1697.76,267.2440384615385,1430.5159615384614,VIP
CLI_0488,272.71,25,1.14,582.88,152.42000000000002,584.02,162.90884615384616,421.1111538461538,Standard
CLI_0489,297.18,5,1.0,483.01,162.99,484.01,212.52,271.49,Standard
CLI_0490,125.04,44,0.76,1841.48,288.94,1842.24,291.71866666666665,1550.5213333333334,VIP
CLI_0491,114.29,58,0.0,1246.59,224.83,1246.59,226.7671186440678,1019.8228813559322,VIP
CLI_0492,104.39,47,1.28,3786.62,855.28,3787.9,857.4547916666667,2930.4452083333335,VIP
CLI_0493,171.42,56,2.36,948.7,177.38,951.0600000000001,180.38736842105263,770.6726315789474,VIP
CLI_0494,126.38,42,1.0,954.7,173.35000000000002,955.7,176.28906976744187,779.4109302325581,VIP
CLI_0495,277.82,7,1.43,638.9000000000001,115.28999999999999,640.33,150.01749999999998,490.31250000000006,Standard
CLI_0496,139.08,71,1.5899999999999999,857.43,216.91,859.02,218.84166666666667,640.1783333333333,VIP
CLI_0497,215.46,25,4.68,597.64,144.87,602.3199999999999,153.15692307692308,449.16307692307686,Standard
CLI_0498,273.12,24,4.35,607.2,167.7,611.5500000000001,178.6248,432.9252000000001,Standard
CLI_0499,395.18,11,0.0,940.7800000000001,251.81,940.7800000000001,284.7416666666667,656.0383333333334,VIP
CLI_0500,128.91,57,6.4,569.07,158.44,575.47,160.66258620689655,414.8074137931035,Standard
CLI_0501,179.3,63,5.25,1497.14,251.48,1502.39,254.28156249999998,1248.1084375,VIP
CLI_0502,171.74,66,2.1,1940.57,555.0699999999999,1942.6699999999998,557.6332835820895,1385.0367164179104,VIP
CLI_0503,214.71,32,1.49,971.6299999999999,169.88,973.1199999999999,176.38636363636363,796.7336363636363,VIP
CLI_0504,291.21,20,0.0,1121.52,302.62,1121.52,316.4871428571429,805.0328571428571,VIP
CLI_0505,200.12,9,2.3,659.77,169.34,662.0699999999999,189.352,472.71799999999996,Standard
CLI_0506,177.32,3,5.38,775.76,259.49,781.14,303.82,477.32,Standard
CLI_0507,270.79,18,4.92,861.81,266.81,866.7299999999999,281.0621052631579,585.6678947368421,VIP
CLI_0508,187.83,19,5.33,428.49,113.15,433.82,122.54150000000001,311.2785,Standard
CLI_0509,181.64,64,0.54,3367.44,491.72999999999996,3367.98,494.5244615384615,2873.4555384615387,VIP
CLI_0510,187.17,57,3.5,1759.07,261.53,1762.57,264.7570689655172,1497.8129310344827,VIP
CLI_0511,112.49,31,0.3,903.04,225.76999999999998,903.3399999999999,229.28531249999997,674.0546875,VIP
CLI_0512,186.02,64,2.3,4943.6,771.75,4945.900000000001,774.6118461538462,4171.288153846154,VIP
CLI_0513,189.66,13,2.8,1837.05,260.09,1839.85,273.6371428571428,1566.212857142857,VIP
CLI_0514,277.61,11,3.6,3692.89,731.4100000000001,3696.49,754.5441666666668,2941.945833333333,VIP
CLI_0515,306.65,4,5.78,1193.8,246.68,1199.58,308.01,891.5699999999999,VIP
CLI_0516,285.28,27,3.26,866.52,286.15,869.78,296.3385714285714,573.4414285714286,VIP
CLI_0517,82.29,57,3.09,576.63,105.50999999999999,579.72,106.92879310344827,472.7912068965518,Standard
CLI_0518,137.22,50,1.5,4836.58,621.26,4838.08,623.9505882352942,4214.129411764706,VIP
CLI_0519,162.53,57,0.3,481.97999999999996,145.05,482.28,147.85224137931036,334.4277586206896,Standard
CLI_0520,244.54,15,0.14,5753.970000000001,722.6,5754.1100000000015,737.8837500000001,5016.2262500000015,VIP
CLI_0521,323.13,6,1.46,4392.3,527.16,4393.76,573.3214285714286,3820.438571428572,VIP
CLI_0522,96.13,67,4.42,1839.79,357.17,1844.21,358.5836764705883,1485.6263235294118,VIP
CLI_0523,115.93,58,1.6300000000000001,804.33,213.92000000000002,805.96,215.8849152542373,590.0750847457628,VIP
CLI_0524,239.68,4,3.37,927.03,259.59,930.4,307.52599999999995,622.874,VIP
CLI_0525,176.53,54,0.15,199.35,66.77000000000001,199.5,69.97963636363637,129.52036363636364,Standard
CLI_0526,155.75,33,0.0,1080.22,192.47,1080.22,197.0508823529412,883.1691176470588,VIP
CLI_0527,105.28,52,0.49,209.51999999999998,56.519999999999996,210.01,58.506415094339616,151.50358490566038,Standard
CLI_0528,194.89,52,6.4399999999999995,1924.22,619.16,1930.66,622.8371698113207,1307.8228301886793,VIP
CLI_0529,101.77,30,0.9099999999999999,353.25,131.74,354.16,135.02290322580646,219.13709677419357,Standard
CLI_0530,199.74,44,1.81,1034.6699999999998,274.07,1036.4799999999998,278.50866666666667,757.9713333333332,VIP
CLI_0531,235.36,27,1.0,92.9,28.89,93.9,37.29571428571428,56.60428571428572,Standard
CLI_0532,357.12,4,4.02,1064.53,304.88,1068.55,376.304,692.246,VIP
CLI_0533,115.35,36,2.19,650.92,147.69,653.11,150.80756756756756,502.30243243243245,VIP
CLI_0534,81.72,64,1.92,447.96000000000004,99.92,449.88000000000005,101.17723076923077,348.70276923076926,Standard
CLI_0535,168.54,40,0.6,1685.76,609.31,1686.36,613.420731707317,1072.9392682926828,VIP
CLI_0536,180.1,48,5.8,4120.6,515.16,4126.400000000001,518.8355102040816,3607.564489795919,VIP
CLI_0537,168.86,37,4.89,1642.54,341.39,1647.43,345.8336842105263,1301.5963157894737,VIP
CLI_0538,97.14,57,1.8,1466.44,277.02,1468.24,278.6948275862069,1189.5451724137931,VIP
CLI_0539,250.69,33,0.5,4080.2000000000003,655.19,4080.7000000000003,662.5632352941177,3418.1367647058823,VIP
CLI_0540,342.23,2,3.1,2766.09,483.42999999999995,2769.19,597.5066666666667,2171.6833333333334,VIP
CLI_0541,159.02,62,1.26,4547.24,713.1899999999999,4548.5,715.7141269841269,3832.785873015873,VIP
CLI_0542,341.53,6,4.0,1270.52,235.06,1274.52,283.85,990.67,VIP
CLI_0543,181.51,52,1.54,3494.59,512.02,3496.13,515.444716981132,2980.685283018868,VIP
CLI_0544,153.63,53,0.0,1118.9,306.76,1118.9,309.605,809.2950000000001,VIP
CLI_0545,90.63,51,5.6,2442.69,704.23,2448.29,705.9728846153846,1742.3171153846154,VIP
CLI_0546,197.53,28,1.68,898.06,174.32,899.7399999999999,181.1313793103448,718.608620689655,VIP
CLI_0547,89.32,69,0.0,157.7,50.95,157.7,52.226,105.47399999999999,Standard
CLI_0548,128.91,71,2.5,977.75,128.29,980.25,130.08041666666665,850.1695833333333,VIP
CLI_0549,128.85,63,2.29,3490.74,760.34,3493.0299999999997,762.35328125,2730.67671875,VIP
CLI_0550,87.92,68,0.0,1613.7800000000002,290.12,1613.7800000000002,291.3942028985507,1322.3857971014495,VIP
CLI_0551,121.86,38,1.63,1066.78,119.84,1068.41,122.96461538461539,945.4453846153847,VIP
CLI_0552,93.32,46,2.78,1526.22,343.77,1529.0,345.7555319148936,1183.2444680851063,VIP
CLI_0553,261.65,18,1.5,756.8199999999999,265.55,758.3199999999999,279.32105263157894,478.998947368421,Standard
CLI_0554,193.72,70,2.0700000000000003,1153.06,356.41999999999996,1155.1299999999999,359.1484507042253,795.9815492957746,VIP
CLI_0555,168.08,7,0.0,745.7,156.63,745.7,177.64,568.0600000000001,VIP
CLI_0556,291.02,35,2.65,1102.81,277.26,1105.46,285.3438888888889,820.1161111111112,VIP
CLI_0557,204.52,33,2.0,693.01,122.29,695.01,128.30529411764707,566.704705882353,VIP
CLI_0558,224.89,9,0.0,363.74,95.44,363.74,117.929,245.811,Standard
CLI_0559,89.22,41,1.0,1917.78,408.73,1918.78,410.8542857142857,1507.9257142857143,VIP
CLI_0560,200.12,19,0.77,433.59000000000003,128.65,434.36,138.656,295.704,Standard
CLI_0561,258.9,34,0.3,1008.73,208.04000000000002,1009.03,215.43714285714287,793.5928571428572,VIP
CLI_0562,241.42,13,3.3,2747.9399999999996,557.76,2751.24,575.0042857142857,2176.235714285714,VIP
CLI_0563,86.03,65,0.6,152.41,55.57,153.01,56.87348484848485,96.13651515151514,Standard
CLI_0564,88.75,66,2.5,742.89,150.76000000000002,745.39,152.08462686567165,593.3053731343283,VIP
CLI_0565,128.34,53,1.0,199.38,72.03,200.38,74.40666666666667,125.97333333333333,Standard
CLI_0566,159.06,15,4.08,373.53,147.35,377.60999999999996,157.29125,220.31874999999997,Standard
CLI_0567,146.48,18,3.3,2427.79,713.28,2431.09,720.9894736842105,1710.1005263157897,VIP
CLI_0568,220.25,8,4.55,3516.0299999999997,759.0200000000001,3520.58,783.4922222222223,2737.087777777778,VIP
CLI_0569,350.87,11,1.71,488.75,128.06,490.46,157.29916666666668,333.1608333333333,Standard
CLI_0570,191.51,47,1.42,883.44,213.82,884.86,217.80979166666665,667.0502083333333,VIP
CLI_0571,181.02,28,4.0,1189.96,243.12,1193.96,249.36206896551724,944.5979310344828,VIP
CLI_0572,188.73,55,2.6,557.03,125.3,559.63,128.67017857142858,430.95982142857144,Standard
CLI_0573,164.3,32,3.09,1896.44,387.06,1899.53,392.0387878787879,1507.4912121212121,VIP
CLI_0574,195.29,31,2.8,1259.92,173.1,1262.72,179.2028125,1083.5171875,VIP
CLI_0575,145.21,27,6.33,1373.69,210.32999999999998,1380.02,215.51607142857142,1164.5039285714286,VIP
CLI_0576,228.1,20,0.3,540.97,184.16,541.27,195.02190476190475,346.24809523809523,Standard
CLI_0577,197.48,57,2.1,727.57,162.76999999999998,729.6700000000001,166.17482758620687,563.4951724137932,VIP
CLI_0578,220.7,24,3.5,472.3,181.03,475.8,189.858,285.942,Standard
CLI_0579,239.45,4,0.0,2712.03,790.96,2712.03,838.85,1873.1800000000003,VIP
CLI_0580,157.74,60,3.0,4956.599999999999,688.1600000000001,4959.599999999999,690.7459016393443,4268.854098360655,VIP
CLI_0581,124.58,31,1.0,3670.34,614.94,3671.34,618.8331250000001,3052.506875,VIP
CLI_0582,186.64,42,1.53,1976.27,293.56,1977.8,297.90046511627907,1679.899534883721,VIP
CLI_0583,275.77,11,0.6,1648.88,358.01,1649.48,380.99083333333334,1268.4891666666667,VIP
CLI_0584,133.92,58,6.57,550.9100000000001,162.47,557.4800000000001,164.73983050847457,392.74016949152553,Standard
CLI_0585,150.3,38,1.0,188.98000000000002,66.02,189.98000000000002,69.87384615384615,120.10615384615387,Standard
CLI_0586,224.96,13,3.61,2686.1700000000005,483.58000000000004,2689.7800000000007,499.6485714285715,2190.1314285714293,VIP
CLI_0587,88.61,41,7.36,485.57,134.05,492.93,136.15976190476192,356.7702380952381,Standard
CLI_0588,161.91,55,5.33,5577.16,876.7099999999999,5582.49,879.6012499999999,4702.88875,VIP
CLI_0589,109.03,61,1.8,1417.1999999999998,379.94,1418.9999999999998,381.69854838709676,1037.301451612903,VIP
CLI_0590,165.67,68,3.6,2885.5799999999995,688.5999999999999,2889.1799999999994,691.0010144927535,2198.1789855072457,VIP
CLI_0591,264.51,35,3.17,3235.25,625.0899999999999,3238.42,632.4374999999999,2605.9825,VIP
CLI_0592,260.79,22,2.11,1428.49,213.86,1430.6,225.19869565217394,1205.401304347826,VIP
CLI_0593,210.5,17,3.29,637.59,155.01999999999998,640.88,166.71444444444444,474.16555555555556,Standard
CLI_0594,142.42,41,0.3,5369.1,806.2299999999999,5369.400000000001,809.6209523809523,4559.7790476190485,VIP
CLI_0595,97.15,53,1.5,1156.91,179.46,1158.41,181.25907407407408,977.150925925926,VIP
CLI_0596,255.07,30,5.3100000000000005,1085.02,284.88,1090.33,293.10806451612905,797.2219354838709,VIP
CLI_0597,154.28,32,3.0,743.42,201.07999999999998,746.42,205.7551515151515,540.6648484848484,VIP
CLI_0598,139.6,49,2.5,4264.05,776.38,4266.55,779.172,3487.378,VIP
CLI_0599,114.11,53,2.1,4058.2099999999996,551.9399999999999,4060.3099999999995,554.0531481481481,3506.2568518518515,VIP
CLI_0600,183.46,7,1.8,2343.06,422.3,2344.86,445.2325,1899.6275,VIP
CLI_0601,307.39,4,3.96,445.86,148.47,449.82,209.94799999999998,239.872,Standard
CLI_0602,163.58,11,0.6,303.17,70.6,303.77000000000004,84.23166666666665,219.53833333333338,Standard
CLI_0603,337.16,6,0.6,512.9,89.9,513.5,138.0657142857143,375.4342857142857,Standard
CLI_0604,163.52,32,0.0,974.63,202.74,974.63,207.69515151515154,766.9348484848484,VIP
CLI_0605,150.03,7,4.57,999.94,224.55,1004.5100000000001,243.30375,761.2062500000001,VIP
CLI_0606,141.34,71,1.1,1784.3700000000001,368.53999999999996,1785.47,370.50305555555553,1414.9669444444444,VIP
CLI_0607,85.62,62,0.0,5481.17,836.63,5481.17,837.9890476190476,4643.1809523809525,VIP
CLI_0608,155.23,21,2.15,1020.13,262.39,1022.28,269.4459090909091,752.834090909091,VIP
CLI_0609,326.74,6,3.6,697.8399999999999,178.7,701.4399999999999,225.37714285714284,476.06285714285707,Standard
CLI_0610,112.54,12,6.3,2590.14,729.49,2596.44,738.146923076923,1858.293076923077,VIP
CLI_0611,180.72,42,2.8,520.45,145.18,523.25,149.38279069767444,373.8672093023256,Standard
CLI_0612,80.46,45,0.6,1956.08,434.16999999999996,1956.6799999999998,435.9191304347826,1520.7608695652173,VIP
CLI_0613,149.36,26,4.9,2304.2400000000002,379.81,2309.1400000000003,385.34185185185186,1923.7981481481484,VIP
CLI_0614,168.91,68,3.46,675.38,167.56,678.84,170.00797101449277,508.83202898550724,VIP
CLI_0615,117.95,68,2.25,503.36,156.73,505.61,158.43942028985506,347.1705797101449,Standard
CLI_0616,92.23,36,2.52,417.48,144.03,420.0,146.5227027027027,273.4772972972973,Standard
CLI_0617,240.06,7,3.44,2114.67,389.26,2118.11,419.2675,1698.8425000000002,VIP
CLI_0618,217.6,10,2.46,4399.110000000001,480.39,4401.570000000001,500.17181818181814,3901.3981818181824,VIP
CLI_0619,181.13,36,3.8,960.0799999999999,202.94,963.8799999999999,207.8354054054054,756.0445945945945,VIP
CLI_0620,117.6,73,1.8,54.49,23.52,56.29,25.109189189189188,31.18081081081081,Standard
CLI_0621,174.67,60,0.72,894.22,269.21,894.94,272.0734426229508,622.8665573770493,VIP
CLI_0622,278.37,16,1.21,968.7,109.44999999999999,969.9100000000001,125.82470588235293,844.0852941176472,VIP
CLI_0623,132.06,56,6.0,3814.9400000000005,561.51,3820.9400000000005,563.8268421052632,3257.1131578947375,VIP
CLI_0624,189.19,38,1.71,226.33,56.230000000000004,228.04000000000002,61.08102564102565,166.9589743589744,Standard
CLI_0625,175.46,25,3.3,82.18,26.87,85.48,33.61846153846154,51.861538461538466,Standard
CLI_0626,292.82,19,4.34,199.22,64.69,203.56,79.331,124.229,Standard
CLI_0627,117.86,25,0.94,1462.3899999999999,270.57,1463.33,275.1030769230769,1188.226923076923,VIP
CLI_0628,162.44,68,1.7200000000000002,1200.08,239.77999999999997,1201.8,242.1342028985507,959.6657971014492,VIP
CLI_0629,198.76,20,3.0,3375.3399999999997,683.75,3378.3399999999997,693.2147619047619,2685.125238095238,VIP
CLI_0630,126.52,68,1.8,454.9,104.83999999999999,456.7,106.67362318840578,350.0263768115942,Standard
CLI_0631,155.93,48,1.0,1203.29,259.43,1204.29,262.6122448979592,941.6777551020407,VIP
CLI_0632,240.77,25,5.09,3902.7100000000005,558.86,3907.8000000000006,568.1203846153846,3339.679615384616,VIP
CLI_0633,100.87,35,0.0,1817.42,420.78,1817.42,423.5819444444444,1393.8380555555557,VIP
CLI_0634,100.03,64,1.3,1746.22,379.07,1747.52,380.6089230769231,1366.911076923077,VIP
CLI_0635,242.61,22,1.18,624.74,167.66,625.92,178.2082608695652,447.71173913043475,Standard
CLI_0636,316.6,6,1.0,97.75999999999999,31.01,98.75999999999999,76.23857142857143,22.521428571428558,Standard
CLI_0637,293.21,13,4.45,1123.63,294.06,1128.0800000000002,315.00357142857143,813.0764285714288,VIP
CLI_0638,171.32,36,3.0,4435.700000000001,498.74,4438.700000000001,503.3702702702703,3935.3297297297304,VIP
CLI_0639,194.09,58,0.3,370.63,91.91,370.93,95.19966101694915,275.73033898305084,Standard
CLI_0640,164.3,57,1.8,227.39999999999998,68.97999999999999,229.2,71.81275862068965,157.38724137931035,Standard
CLI_0641,115.77,61,3.21,1207.79,283.9,1211.0,285.7672580645161,925.2327419354839,VIP
CLI_0642,121.07,21,1.28,276.40999999999997,75.44,277.68999999999994,80.94318181818181,196.74681818181813,Standard
CLI_0643,256.36,24,1.0,238.74,51.019999999999996,239.74,61.2744,178.4656,Standard
CLI_0644,228.83,28,0.6,686.41,121.81,687.01,129.70068965517243,557.3093103448275,VIP
CLI_0645,109.64,25,1.8,1008.6300000000001,193.55,1010.4300000000001,197.7669230769231,812.6630769230769,VIP
CLI_0646,123.21,55,0.29,520.59,290.09,520.88,292.29017857142856,228.58982142857144,Standard
CLI_0647,194.82,47,1.71,2423.2400000000002,522.41,2424.9500000000003,526.46875,1898.4812500000003,VIP
CLI_0648,275.1,5,4.24,1009.73,246.24,1013.97,292.09000000000003,721.88,VIP
CLI_0649,186.55,20,1.5,435.91999999999996,139.62,437.41999999999996,148.50333333333333,288.91666666666663,Standard
CLI_0650,264.42,6,0.69,1092.42,260.14,1093.1100000000001,297.9142857142857,795.1957142857144,VIP
CLI_0651,105.07,69,4.79,1614.62,344.67,1619.4099999999999,346.171,1273.2389999999998,VIP
CLI_0652,124.24,68,1.5,224.6,47.72,226.1,49.52057971014493,176.57942028985508,Standard
CLI_0653,124.38,69,1.26,400.96000000000004,149.14999999999998,402.22,150.92685714285713,251.2931428571429,Standard
CLI_0654,86.28,56,0.0,469.67,87.45,469.67,88.96368421052632,380.7063157894737,Standard
CLI_0655,253.51,29,3.1,822.02,80.96000000000001,825.12,89.41033333333334,735.7096666666666,VIP
CLI_0656,254.13,10,0.0,4065.48,458.12,4065.48,481.2227272727273,3584.2572727272727,VIP
CLI_0657,355.54,4,1.8,777.75,183.98000000000002,779.55,255.08800000000002,524.462,VIP
CLI_0658,270.07,12,1.5499999999999998,147.27,31.58,148.82000000000002,52.354615384615386,96.46538461538464,Standard
CLI_0659,105.44,54,0.0,430.84000000000003,159.55,430.84000000000003,161.46709090909093,269.3729090909091,Standard
CLI_0660,314.34,4,3.7199999999999998,3277.76,634.01,3281.48,696.8779999999999,2584.602,VIP
CLI_0661,136.67,55,6.58,41.97,23.08,48.55,25.520535714285714,23.029464285714283,Standard
CLI_0662,276.03,30,1.1,1598.97,219.63,1600.07,228.5341935483871,1371.5358064516129,VIP
CLI_0663,143.15,31,0.0,1344.5900000000001,243.67,1344.5900000000001,248.14343749999998,1096.4465625000003,VIP
CLI_0664,161.34,52,2.8,658.6600000000001,170.56,661.46,173.60415094339623,487.8558490566038,Standard
CLI_0665,221.55,21,1.3900000000000001,699.3100000000001,144.05,700.7,154.12045454545455,546.5795454545455,VIP
CLI_0666,159.06,34,3.6100000000000003,1230.71,262.03,1234.32,266.5745714285714,967.7454285714285,VIP
CLI_0667,127.32,29,3.66,1808.37,338.6,1812.03,342.84400000000005,1469.186,VIP
CLI_0668,312.91,5,0.3,212.48,61.64,212.78,113.79166666666667,98.98833333333333,Standard
CLI_0669,334.65,5,0.3,1785.11,503.22,1785.4099999999999,558.995,1226.415,VIP
CLI_0670,228.91,2,3.61,476.58000000000004,122.06,480.19000000000005,198.36333333333334,281.8266666666667,Standard
CLI_0671,311.21,8,2.0,5105.23,617.01,5107.23,651.5888888888888,4455.641111111111,VIP
CLI_0672,179.03,34,1.3,1656.67,283.3,1657.97,288.4151428571429,1369.5548571428571,VIP
CLI_0673,328.3,10,3.1,991.73,235.47,994.83,265.31545454545454,729.5145454545454,VIP
CLI_0674,103.91,72,2.17,509.31,184.48,511.48,185.90342465753423,325.5765753424658,Standard
CLI_0675,278.04,24,1.42,891.98,190.42000000000002,893.4,201.54160000000002,691.8584,VIP
CLI_0676,157.48,29,0.98,563.72,180.85000000000002,564.7,186.09933333333336,378.6006666666667,Standard
CLI_0677,124.13,60,1.0,3092.5299999999997,623.95,3093.5299999999997,625.9849180327869,2467.545081967213,VIP
CLI_0678,111.62,18,1.5,371.44,122.43,372.94,128.30473684210526,244.63526315789474,Standard
CLI_0679,122.3,33,3.64,1221.03,388.27,1224.67,391.8670588235294,832.8029411764707,VIP
CLI_0680,141.9,71,2.02,1230.5,301.84,1232.52,303.81083333333333,928.7091666666666,VIP
CLI_0681,216.9,10,0.3,4817.95,753.9300000000001,4818.25,773.6481818181819,4044.601818181818,VIP
CLI_0682,180.26,38,0.72,810.38,167.45,811.1,172.07205128205126,639.0279487179488,VIP
CLI_0683,81.76,43,3.19,508.33000000000004,138.99,511.52000000000004,140.8481818181818,370.67181818181825,Standard
CLI_0684,125.49,68,0.0,226.05,62.15,226.05,63.96869565217391,162.0813043478261,Standard
CLI_0685,234.34,9,1.96,2111.23,313.3,2113.19,336.73400000000004,1776.4560000000001,VIP
CLI_0686,82.32,51,3.8,185.07,59.209999999999994,188.87,60.79307692307692,128.0769230769231,Standard
CLI_0687,181.09,3,0.81,227.58999999999997,55.62,228.39999999999998,100.8925,127.50749999999998,Standard
CLI_0688,182.73,23,1.9,597.54,152.39999999999998,599.4399999999999,160.01375,439.42625,Standard
CLI_0689,139.14,54,3.0,190.12,63.65,193.12,66.17981818181818,126.94018181818183,Standard
CLI_0690,128.51,41,2.4699999999999998,170.26,60.03,172.73,63.08976190476191,109.64023809523809,Standard
CLI_0691,143.71,70,3.0,3477.83,817.2199999999999,3480.83,819.2440845070422,2661.5859154929576,VIP
CLI_0692,151.42,60,1.8,5162.530000000001,626.59,5164.330000000001,629.0722950819672,4535.257704918034,VIP
CLI_0693,81.19,48,4.95,811.71,245.81,816.6600000000001,247.46693877551022,569.1930612244898,VIP
CLI_0694,135.69,72,1.0,186.97,48.54,187.97,50.39876712328767,137.57123287671232,Standard
CLI_0695,292.7,14,3.1399999999999997,647.76,147.66,650.9,167.17333333333332,483.7266666666667,Standard
CLI_0696,203.81,32,0.85,1144.83,255.89999999999998,1145.6799999999998,262.0760606060606,883.6039393939393,VIP
CLI_0697,235.51,17,2.6,3043.43,704.3399999999999,3046.0299999999997,717.4238888888888,2328.606111111111,VIP
CLI_0698,117.42,54,0.81,1087.6,266.35,1088.4099999999999,268.4849090909091,819.9250909090907,VIP
CLI_0699,254.8,18,1.5,1895.84,554.19,1897.34,567.6005263157896,1329.7394736842102,VIP
CLI_0700,172.75,47,2.53,5485.99,945.63,5488.5199999999995,949.2289583333334,4539.291041666666,VIP
CLI_0701,204.26,19,1.43,4037.8500000000004,715.55,4039.28,725.7629999999999,3313.5170000000003,VIP
CLI_0702,394.0,6,5.9,196.14000000000001,71.21000000000001,202.04000000000002,127.49571428571429,74.54428571428573,Standard
CLI_0703,181.39,10,1.82,917.4499999999999,207.67000000000002,919.27,224.16000000000003,695.1099999999999,VIP
CLI_0704,82.03,66,3.5100000000000002,1095.33,337.52,1098.84,338.7443283582089,760.095671641791,VIP
CLI_0705,172.42,56,0.3,1092.92,366.20000000000005,1093.22,369.2249122807018,723.9950877192982,VIP
CLI_0706,351.79,4,0.08,540.87,136.18,540.95,206.538,334.41200000000003,Standard
CLI_0707,94.42,46,2.38,1681.52,296.11,1683.9,298.1189361702128,1385.7810638297874,VIP
CLI_0708,153.12,30,3.24,422.68,148.82,425.92,153.75935483870967,272.16064516129035,Standard
CLI_0709,154.39,9,2.11,625.6,209.20999999999998,627.71,224.64899999999997,403.06100000000004,Standard
CLI_0710,223.33,3,2.57,529.48,154.23,532.0500000000001,210.0625,321.98750000000007,Standard
CLI_0711,254.63,23,3.0,85.91,30.8,88.91,41.40958333333333,47.500416666666666,Standard
CLI_0712,203.59,32,5.68,1195.73,244.14,1201.41,250.3093939393939,951.1006060606062,VIP
CLI_0713,121.77,51,1.0,1056.5900000000001,171.69,1057.5900000000001,174.03173076923076,883.5582692307694,VIP
CLI_0714,174.35,12,2.8,516.77,142.93,519.5699999999999,156.34153846153848,363.2284615384615,Standard
CLI_0715,150.34,2,1.3,912.15,237.56,913.4499999999999,287.67333333333335,625.7766666666666,VIP
CLI_0716,159.96,28,0.98,478.21,191.05,479.19,196.56586206896552,282.6241379310345,Standard
CLI_0717,229.29,26,4.81,4762.91,579.68,4767.72,588.1722222222222,4179.547777777778,VIP
CLI_0718,196.9,38,4.96,813.89,139.76,818.85,144.80871794871794,674.0412820512821,VIP
CLI_0719,361.77,8,0.5,471.96000000000004,141.09,472.46000000000004,181.28666666666666,291.1733333333334,Standard
CLI_0720,82.83,48,0.0,319.84000000000003,86.25,319.84000000000003,87.9404081632653,231.89959183673471,Standard
CLI_0721,187.83,41,0.6,944.05,208.71999999999997,944.65,213.19214285714284,731.4578571428572,VIP
CLI_0722,173.98,36,4.49,2901.98,529.55,2906.47,534.2521621621621,2372.2178378378376,VIP
CLI_0723,256.08,34,1.0,479.41,142.7,480.41,150.0165714285714,330.3934285714286,Standard
CLI_0724,134.96,44,1.85,4339.87,532.4100000000001,4341.72,535.4091111111112,3806.310888888889,VIP
CLI_0725,179.6,34,3.94,653.5799999999999,147.34,657.52,152.4714285714286,505.0485714285714,VIP
CLI_0726,160.58,35,3.41,929.19,261.86,932.6,266.3205555555556,666.2794444444444,VIP
CLI_0727,87.88,46,2.54,5300.5199999999995,798.38,5303.0599999999995,800.2497872340425,4502.810212765957,VIP
CLI_0728,207.06,8,0.98,91.78999999999999,26.66,92.77,49.66666666666667,43.103333333333325,Standard
CLI_0729,149.32,31,5.5,584.9200000000001,195.73,590.4200000000001,200.39624999999998,390.02375000000006,Standard
CLI_0730,271.02,9,4.5,1273.1,268.32000000000005,1277.6,295.422,982.1779999999999,VIP
CLI_0731,249.49,27,1.8,85.56,31.06,87.36,39.97035714285714,47.38964285714286,Standard
CLI_0732,136.86,37,2.9699999999999998,532.46,179.78,535.4300000000001,183.3815789473684,352.0484210526316,Standard
CLI_0733,111.57,35,0.3,738.1800000000001,116.68,738.48,119.77916666666667,618.7008333333333,VIP
CLI_0734,194.93,58,1.5,169.71,32.83,171.21,36.13389830508474,135.07610169491528,Standard
CLI_0735,288.54,23,0.81,4600.88,661.42,4601.6900000000005,673.4425,3928.2475000000004,VIP
CLI_0736,257.04,21,4.47,4196.05,656.46,4200.52,668.1436363636363,3532.376363636364,VIP
CLI_0737,298.27,27,5.49,926.93,223.21,932.42,233.8625,698.5574999999999,VIP
CLI_0738,145.34,55,4.01,782.12,156.35000000000002,786.13,158.94535714285718,627.1846428571428,VIP
CLI_0739,292.55,35,3.89,401.79999999999995,119.12,405.68999999999994,127.2463888888889,278.44361111111107,Standard
CLI_0740,89.07,69,0.78,1107.2,191.03,1107.98,192.30242857142858,915.6775714285715,VIP
CLI_0741,173.14,35,2.42,1316.69,317.16999999999996,1319.1100000000001,321.9794444444444,997.1305555555557,VIP
CLI_0742,107.05,64,0.3,1143.03,227.23999999999998,1143.33,228.88692307692307,914.4430769230769,VIP
CLI_0743,139.17,27,4.0,194.26999999999998,55.89,198.26999999999998,60.86035714285714,137.40964285714284,Standard
CLI_0744,128.16,14,2.5,470.33000000000004,132.72,472.83000000000004,141.264,331.56600000000003,Standard
CLI_0745,154.69,40,1.6,485.17,152.60999999999999,486.77000000000004,156.38292682926829,330.38707317073175,Standard
CLI_0746,345.33,9,0.0,1059.5300000000002,245.41,1059.5300000000002,279.943,779.5870000000002,VIP
CLI_0747,149.4,45,2.8,2198.36,453.49,2201.1600000000003,456.73782608695655,1744.4221739130437,VIP
CLI_0748,97.64,47,3.8,3631.5399999999995,772.8900000000001,3635.3399999999997,774.9241666666668,2860.415833333333,VIP
CLI_0749,177.33,38,3.3,1005.9200000000001,231.20999999999998,1009.22,235.75692307692304,773.463076923077,VIP
CLI_0750,156.31,37,0.5,614.05,174.32999999999998,614.55,178.44342105263155,436.1065789473684,Standard
CLI_0751,126.58,56,2.9699999999999998,200.72,54.129999999999995,203.69,56.35070175438596,147.33929824561403,Standard
CLI_0752,160.9,60,3.02,154.91,33.260000000000005,157.93,35.897704918032794,122.03229508196722,Standard
CLI_0753,111.19,42,3.84,1996.16,506.14,2000.0,508.72581395348834,1491.2741860465117,VIP
CLI_0754,121.42,41,1.3,785.3299999999999,144.37,786.6299999999999,147.26095238095238,639.3690476190475,VIP
CLI_0755,190.1,68,4.5,936.08,220.35999999999999,940.58,223.11507246376812,717.4649275362319,VIP
CLI_0756,222.63,2,4.22,4115.7699999999995,724.0200000000001,4119.99,798.2300000000001,3321.7599999999998,VIP
CLI_0757,136.4,44,2.3,929.16,271.01,931.4599999999999,274.0411111111111,657.4188888888889,VIP
CLI_0758,186.82,43,0.5,844.15,282.96000000000004,844.65,287.20590909090913,557.4440909090908,VIP
CLI_0759,164.93,67,4.87,740.85,204.09,745.72,206.5154411764706,539.2045588235294,VIP
CLI_0760,87.46,61,2.71,229.07000000000002,58.11,231.78000000000003,59.520645161290325,172.2593548387097,Standard
CLI_0761,129.46,18,2.2,760.49,173.73000000000002,762.69,180.54368421052632,582.1463157894738,VIP
CLI_0762,101.57,29,0.0,251.45,62.58,251.45,65.96566666666666,185.48433333333332,Standard
CLI_0763,307.73,10,1.3,3596.2,590.71,3597.5,618.6854545454546,2978.8145454545456,VIP
CLI_0764,133.72,61,1.22,448.64,140.98000000000002,449.86,143.1367741935484,306.72322580645164,Standard
CLI_0765,96.11,56,2.1,4029.44,485.41,4031.54,487.0961403508772,3544.4438596491227,VIP
CLI_0766,194.95,74,2.05,679.9300000000001,242.51999999999998,681.98,245.11933333333332,436.8606666666667,Standard
CLI_0767,143.56,53,8.3,1079.57,260.76,1087.87,263.4185185185185,824.4514814814813,VIP
CLI_0768,148.38,19,1.55,733.75,199.9,735.3,207.31900000000002,527.981,VIP
CLI_0769,275.15,10,2.5,212.10000000000002,53.26,214.60000000000002,78.27363636363636,136.32636363636368,Standard
CLI_0770,319.91,9,2.0,1422.79,324.56,1424.79,356.551,1068.239,VIP
CLI_0771,89.15,47,1.0,131.94,27.51,132.94,29.367291666666667,103.57270833333334,Standard
CLI_0772,154.94,35,4.640000000000001,346.98,86.93,351.62,91.2338888888889,260.3861111111111,Standard
CLI_0773,261.39,31,3.3,3823.75,647.33,3827.05,655.4984375,3171.5515625000003,VIP
CLI_0774,135.16,36,3.54,646.76,197.82,650.3,201.47297297297297,448.827027027027,Standard
CLI_0775,145.59,66,2.1,736.4300000000001,150.14,738.5300000000001,152.31298507462685,586.2170149253732,VIP
CLI_0776,131.94,62,5.5,341.05,89.34,346.55,91.43428571428572,255.1157142857143,Standard
CLI_0777,85.27,43,2.5,833.41,161.01999999999998,835.91,162.95795454545453,672.9520454545454,VIP
CLI_0778,191.44,1,1.55,1276.05,236.35,1277.6,332.07,945.53,VIP
CLI_0779,133.46,69,1.27,253.54999999999998,54.25,254.82,56.156571428571425,198.66342857142857,Standard
CLI_0780,105.1,51,4.47,1344.1599999999999,238.39999999999998,1348.6299999999999,240.42115384615383,1108.208846153846,VIP
CLI_0781,110.0,17,1.84,6304.91,867.16,6306.75,873.271111111111,5433.478888888889,VIP
CLI_0782,181.24,51,1.03,302.42,64.95,303.45,68.43538461538462,235.01461538461535,Standard
CLI_0783,197.74,70,2.64,595.61,142.59,598.25,145.3750704225352,452.8749295774648,Standard
CLI_0784,258.63,20,5.79,1469.48,365.61,1475.27,377.9257142857143,1097.3442857142857,VIP
CLI_0785,363.45,7,2.27,475.64,132.72,477.90999999999997,178.15125,299.75874999999996,Standard
CLI_0786,109.04,49,0.05,1218.9,451.67,1218.95,453.8508,765.0992000000001,VIP
CLI_0787,292.13,35,1.0,645.75,224.8,646.75,232.91472222222222,413.8352777777778,Standard
CLI_0788,103.63,69,0.0,1522.63,337.62,1522.63,339.10042857142855,1183.5295714285717,VIP
CLI_0789,194.17,73,5.04,2113.7599999999998,603.63,2118.7999999999997,606.2539189189189,1512.546081081081,VIP
CLI_0790,298.96,34,2.5700000000000003,5782.2,648.34,5784.7699999999995,656.8817142857143,5127.888285714285,VIP
CLI_0791,165.41,60,3.88,1152.98,273.49,1156.8600000000001,276.2016393442623,880.6583606557379,VIP
CLI_0792,296.23,29,2.04,3502.24,430.2,3504.2799999999997,440.0743333333333,3064.2056666666663,VIP
CLI_0793,148.34,36,3.49,5024.07,668.28,5027.5599999999995,672.2891891891892,4355.27081081081,VIP
CLI_0794,151.91,12,6.83,267.82,87.09,274.65,98.77538461538462,175.87461538461537,Standard
CLI_0795,259.25,3,4.04,3760.99,850.66,3765.0299999999997,915.4725,2849.5575,VIP
CLI_0796,298.39,7,1.3199999999999998,4098.429999999999,536.0,4099.749999999999,573.29875,3526.451249999999,VIP
CLI_0797,88.77,56,2.07,418.80999999999995,223.45999999999998,420.87999999999994,225.01736842105262,195.86263157894732,Standard
CLI_0798,305.59,6,2.0,5582.27,680.41,5584.27,724.0657142857142,4860.204285714286,VIP
CLI_0799,395.29,11,2.72,383.1,121.9,385.82000000000005,154.84083333333334,230.9791666666667,Standard
CLI_0800,102.81,37,4.3,1620.9899999999998,258.22,1625.2899999999997,260.9255263157895,1364.3644736842102,VIP
CLI_0801,175.11,48,4.5,967.0300000000001,172.98,971.5300000000001,176.55367346938775,794.9763265306124,VIP
CLI_0802,188.95,59,2.8,1680.29,460.96999999999997,1683.09,464.1191666666666,1218.9708333333333,VIP
CLI_0803,288.74,29,2.81,1687.85,481.58000000000004,1690.6599999999999,491.2046666666667,1199.455333333333,VIP
CLI_0804,195.22,52,0.72,845.0600000000001,316.97,845.7800000000001,320.6533962264151,525.126603773585,VIP
CLI_0805,204.29,12,1.54,490.85,119.91,492.39000000000004,135.62461538461537,356.7653846153847,Standard
CLI_0806,197.28,39,0.3,923.38,270.9,923.68,275.832,647.848,VIP
CLI_0807,170.88,49,7.0,627.87,87.39,634.87,90.8076,544.0624,VIP
CLI_0808,99.4,73,1.5,941.4999999999999,254.14,942.9999999999999,255.48324324324324,687.5167567567566,VIP
CLI_0809,195.38,29,1.5,3109.2999999999997,787.62,3110.7999999999997,794.1326666666666,2316.667333333333,VIP
CLI_0810,243.67,34,1.0,455.44,166.77,456.44,173.732,282.70799999999997,Standard
CLI_0811,109.68,48,4.9,1283.96,354.46000000000004,1288.8600000000001,356.6983673469388,932.1616326530614,VIP
CLI_0812,156.87,51,1.1600000000000001,3901.0499999999997,552.89,3902.2099999999996,555.9067307692308,3346.303269230769,VIP
CLI_0813,233.32,19,2.71,1221.18,200.45999999999998,1223.89,212.12599999999998,1011.7640000000001,VIP
CLI_0814,132.54,16,1.0,616.78,121.19,617.78,128.98647058823528,488.79352941176467,Standard
CLI_0815,291.27,4,3.4,4698.499999999999,568.04,4701.899999999999,626.294,4075.605999999999,VIP
CLI_0816,254.33,30,3.17,430.21999999999997,102.39000000000001,433.39,110.59419354838711,322.79580645161286,Standard
CLI_0817,139.87,63,1.5,1371.0,252.68,1372.5,254.86546875000002,1117.63453125,VIP
CLI_0818,102.42,20,0.73,826.24,219.42,826.97,224.29714285714283,602.6728571428572,VIP
CLI_0819,81.08,62,1.27,396.99,91.43,398.26,92.71698412698413,305.54301587301586,Standard
CLI_0820,122.84,49,3.33,1893.3100000000002,432.16999999999996,1896.64,434.62679999999995,1462.0132,VIP
CLI_0821,191.14,55,2.8,959.8499999999999,197.74,962.6499999999999,201.15321428571428,761.4967857142856,VIP
CLI_0822,207.17,9,0.97,2874.25,660.13,2875.22,680.847,2194.3729999999996,VIP
CLI_0823,226.87,30,3.21,1602.92,364.91999999999996,1606.13,372.23838709677415,1233.891612903226,VIP
CLI_0824,106.65,41,0.0,399.14,145.87,399.14,148.40928571428572,250.73071428571427,Standard
CLI_0825,118.6,74,3.0,39.79,24.36,42.79,25.941333333333333,16.848666666666666,Standard
CLI_0826,181.77,39,2.8,3916.58,531.9300000000001,3919.38,536.4742500000001,3382.90575,VIP
CLI_0827,245.77,22,3.0,3321.5600000000004,784.14,3324.5600000000004,794.825652173913,2529.7343478260873,VIP
CLI_0828,91.45,42,5.74,727.2900000000001,149.14000000000001,733.0300000000001,151.26674418604654,581.7632558139535,VIP
CLI_0829,185.74,14,0.3,643.03,184.95999999999998,643.3299999999999,197.34266666666664,445.98733333333325,Standard
CLI_0830,83.5,38,1.25,190.48000000000002,65.71000000000001,191.73000000000002,67.85102564102564,123.87897435897438,Standard
CLI_0831,196.18,30,2.7,386.92999999999995,163.97,389.62999999999994,170.2983870967742,219.33161290322573,Standard
CLI_0832,232.49,33,5.46,1454.5100000000002,303.44,1459.9700000000003,310.27794117647056,1149.6920588235298,VIP
CLI_0833,94.22,73,0.31,1099.43,305.01,1099.74,306.28324324324325,793.4567567567567,VIP
CLI_0834,114.67,39,5.04,1731.55,323.38,1736.59,326.24675,1410.34325,VIP
CLI_0835,179.57,25,4.5,1890.44,374.8,1894.94,381.70653846153846,1513.2334615384616,VIP
CLI_0836,190.34,42,1.77,783.25,185.96,785.02,190.386511627907,594.633488372093,VIP
CLI_0837,199.19,66,5.82,380.73,73.72,386.55,76.69298507462686,309.85701492537316,Standard
CLI_0838,85.39,58,1.8,475.75,128.64,477.55,130.0872881355932,347.4627118644068,Standard
CLI_0839,340.25,11,5.21,208.45999999999998,54.72,213.67,83.07416666666667,130.5958333333333,Standard
CLI_0840,174.34,33,4.07,3580.9700000000003,548.34,3585.0400000000004,553.4676470588236,3031.572352941177,VIP
CLI_0841,127.09,53,1.8,948.8299999999999,197.42000000000002,950.6299999999999,199.77351851851853,750.8564814814813,VIP
CLI_0842,250.85,19,0.92,92.00999999999999,28.06,92.92999999999999,40.6025,52.32749999999999,Standard
CLI_0843,379.61,6,1.0,3887.6,669.72,3888.6,723.95,3164.6499999999996,VIP
CLI_0844,290.19,32,5.16,3862.6,854.9100000000001,3867.7599999999998,863.7036363636364,3004.056363636363,VIP
CLI_0845,149.25,59,0.3,234.57,60.42,234.87,62.9075,171.9625,Standard
CLI_0846,171.42,34,3.34,1500.6999999999998,435.99,1504.0399999999997,440.8877142857143,1063.1522857142854,VIP
CLI_0847,257.51,24,4.82,876.4,263.65999999999997,881.22,273.9604,607.2596000000001,VIP
CLI_0848,110.12,44,3.8,1578.57,216.15,1582.37,218.5971111111111,1363.7728888888887,VIP
CLI_0849,147.69,45,1.0,5601.59,730.44,5602.59,733.650652173913,4868.939347826087,VIP
CLI_0850,123.03,56,3.4699999999999998,1056.4,251.11,1059.8700000000001,253.2684210526316,806.6015789473686,VIP
CLI_0851,314.16,9,1.8900000000000001,4121.169999999999,624.5,4123.0599999999995,655.916,3467.1439999999993,VIP
CLI_0852,108.85,54,0.91,470.21000000000004,144.05,471.12000000000006,146.0290909090909,325.0909090909091,Standard
CLI_0853,138.32,12,3.5,881.09,160.59,884.59,171.23,713.36,VIP
CLI_0854,283.65,24,5.8,4082.0399999999995,740.98,4087.8399999999997,752.326,3335.5139999999997,VIP
CLI_0855,120.36,18,0.07,906.47,241.3,906.5400000000001,247.63473684210527,658.9052631578948,VIP
CLI_0856,276.49,10,0.5,154.48,62.09,154.98,87.22545454545455,67.75454545454544,Standard
CLI_0857,106.5,45,1.5,570.79,158.66,572.29,160.97521739130434,411.3147826086956,Standard
CLI_0858,84.67,41,1.0,1638.87,360.68,1639.87,362.6959523809524,1277.1740476190475,VIP
CLI_0859,84.32,63,1.0,5352.82,721.54,5353.82,722.8575,4630.9625,VIP
CLI_0860,193.81,3,2.61,1346.27,321.76,1348.8799999999999,370.2125,978.6674999999999,VIP
CLI_0861,273.35,14,0.77,30.36,16.33,31.13,34.553333333333335,-3.4233333333333356,Déficitaire
CLI_0862,220.62,2,4.3,1624.94,296.61,1629.24,370.15000000000003,1259.09,VIP
CLI_0863,290.09,25,2.8200000000000003,1395.42,350.96000000000004,1398.24,362.11730769230775,1036.1226923076922,VIP
CLI_0864,149.79,64,1.0,3938.41,714.2499999999999,3939.41,716.5544615384614,3222.8555384615383,VIP
CLI_0865,132.39,59,1.28,585.1800000000001,134.73,586.46,136.9365,449.5235,Standard
CLI_0866,149.61,66,0.6000000000000001,100.8,34.870000000000005,101.39999999999999,37.10298507462687,64.29701492537312,Standard
CLI_0867,279.17,6,0.47,853.71,185.89,854.1800000000001,225.77142857142854,628.4085714285716,VIP
CLI_0868,171.05,47,4.6,756.6,133.75,761.2,137.31354166666668,623.8864583333334,VIP
CLI_0869,113.9,54,0.0,342.39,87.92,342.39,89.9909090909091,252.3990909090909,Standard
CLI_0870,122.37,52,3.3,1174.65,272.03,1177.95,274.3388679245283,903.6111320754717,VIP
CLI_0871,278.82,30,1.3,453.79,105.63,455.09000000000003,114.6241935483871,340.46580645161293,Standard
CLI_0872,386.61,3,1.5,1059.95,202.95999999999998,1061.45,299.61249999999995,761.8375000000001,VIP
CLI_0873,278.51,14,1.5,1184.12,278.91999999999996,1185.62,297.4873333333333,888.1326666666666,VIP
CLI_0874,130.33,59,4.97,1647.0,382.9,1651.97,385.07216666666665,1266.8978333333334,VIP
CLI_0875,173.64,46,2.22,204.37,59.43,206.59,63.12446808510638,143.46553191489363,Standard
CLI_0876,269.08,8,6.07,4182.89,611.24,4188.96,641.1377777777777,3547.822222222222,VIP
CLI_0877,139.7,62,3.05,1705.83,385.6,1708.8799999999999,387.81746031746036,1321.0625396825394,VIP
CLI_0878,201.17,5,7.87,446.95,111.09,454.82,144.61833333333334,310.20166666666665,Standard
CLI_0879,218.23,14,1.8,2164.3199999999997,480.6,2166.12,495.1486666666667,1670.9713333333332,VIP
CLI_0880,102.34,67,2.0,996.0699999999999,293.38,998.0699999999999,294.885,703.185,VIP
CLI_0881,166.31,13,1.85,1683.2,348.03999999999996,1685.05,359.9192857142857,1325.1307142857142,VIP
CLI_0882,182.6,57,3.29,1294.65,223.82999999999998,1297.94,226.97827586206895,1070.961724137931,VIP
CLI_0883,201.77,4,3.09,1392.12,322.52,1395.2099999999998,362.87399999999997,1032.3359999999998,VIP
CLI_0884,114.23,18,0.0,454.01,185.87,454.01,191.8821052631579,262.1278947368421,Standard
CLI_0885,113.8,12,1.6,1515.24,322.72,1516.84,331.4738461538462,1185.3661538461538,VIP
CLI_0886,192.89,67,2.1,2116.77,323.37,2118.87,326.2066176470588,1792.663382352941,VIP
CLI_0887,276.73,11,1.0,273.21,77.93,274.21,100.99083333333334,173.21916666666664,Standard
CLI_0888,181.88,32,1.8,387.25,134.32,389.05,139.83151515151513,249.21848484848488,Standard
CLI_0889,177.31,72,2.5,776.4,202.87,778.9,205.29890410958905,573.601095890411,VIP
CLI_0890,267.17,20,1.3,42.18,18.15,43.48,30.87238095238095,12.607619047619046,Standard
CLI_0891,119.86,40,5.3,1027.83,188.27999999999997,1033.1299999999999,191.20341463414633,841.9265853658535,VIP
CLI_0892,163.23,74,2.04,49.97,20.07,52.01,22.2464,29.763599999999997,Standard
CLI_0893,172.53,45,2.5,3345.68,556.15,3348.18,559.900652173913,2788.279347826087,VIP
CLI_0894,158.56,65,0.8,1348.1399999999999,329.34,1348.9399999999998,331.7424242424242,1017.1975757575756,VIP
CLI_0895,98.19,68,0.21,929.23,347.04,929.44,348.4630434782609,580.9769565217391,VIP
CLI_0896,275.18,17,4.91,594.05,114.71,598.9599999999999,129.99777777777777,468.9622222222222,Standard
CLI_0897,207.82,27,1.78,3012.9399999999996,557.55,3014.72,564.9721428571428,2449.747857142857,VIP
CLI_0898,113.9,66,2.89,3419.9199999999996,879.0,3422.8099999999995,880.7,2542.1099999999997,VIP
CLI_0899,131.03,66,2.1,900.7,154.06,902.8000000000001,156.01567164179104,746.784328358209,VIP
CLI_0900,84.51,65,1.5,757.46,216.44,758.96,217.72045454545454,541.2395454545455,VIP
CLI_0901,181.97,10,2.1,1210.48,242.57,1212.58,259.1127272727273,953.4672727272726,VIP
CLI_0902,171.87,70,0.97,375.94,165.67000000000002,376.91,168.09070422535214,208.81929577464788,Standard
CLI_0903,100.0,35,3.9699999999999998,1107.81,214.87,1111.78,217.64777777777778,894.1322222222223,VIP
CLI_0904,183.31,19,3.17,5336.91,623.81,5340.08,632.9754999999999,4707.1045,VIP
CLI_0905,142.7,50,2.3,1430.41,350.25,1432.71,353.0480392156863,1079.6619607843138,VIP
CLI_0906,86.56,56,1.8,481.33,171.57999999999998,483.13,173.09859649122805,310.031403508772,Standard
CLI_0907,294.62,17,0.0,4923.079999999999,672.4699999999999,4923.079999999999,688.8377777777777,4234.242222222221,VIP
CLI_0908,145.23,23,2.5,349.57000000000005,86.63,352.07000000000005,92.68124999999999,259.3887500000001,Standard
CLI_0909,160.84,22,2.5,1147.9099999999999,224.02999999999997,1150.4099999999999,231.02304347826083,919.386956521739,VIP
CLI_0910,160.79,13,0.6,211.13,60.6,211.73,72.08500000000001,139.64499999999998,Standard
CLI_0911,146.08,23,2.3,779.37,243.98,781.67,250.06666666666666,531.6033333333332,VIP
CLI_0912,100.29,23,0.0,995.94,220.20999999999998,995.94,224.38875,771.5512500000001,VIP
CLI_0913,167.52,64,1.5,76.89,34.06,78.39,36.63723076923077,41.75276923076923,Standard
CLI_0914,196.02,56,2.0,4069.79,563.9200000000001,4071.79,567.3589473684211,3504.431052631579,VIP
CLI_0915,144.86,27,1.24,605.1400000000001,195.75,606.3800000000001,200.92357142857142,405.45642857142866,Standard
CLI_0916,159.57,58,0.63,3456.5099999999998,669.9,3457.14,672.6045762711864,2784.5354237288134,VIP
CLI_0917,169.03,50,5.67,341.83,131.9,347.5,135.2143137254902,212.2856862745098,Standard
CLI_0918,269.69,21,2.55,3558.1400000000003,496.78999999999996,3560.6900000000005,509.0486363636363,3051.641363636364,VIP
CLI_0919,255.66,2,1.3,240.19,60.79,241.49,146.01,95.48000000000002,Standard
CLI_0920,116.35,57,3.94,86.05,30.27,89.99,32.27603448275862,57.71396551724138,Standard
CLI_0921,119.04,44,4.07,1171.97,365.61,1176.04,368.25533333333334,807.7846666666667,VIP
CLI_0922,165.51,74,7.529999999999999,1864.54,594.71,1872.07,596.9168000000001,1275.1531999999997,VIP
CLI_0923,178.01,71,1.24,951.76,230.68,953.0,233.1523611111111,719.8476388888889,VIP
CLI_0924,136.32,34,2.4,372.81,107.44999999999999,375.21,111.34485714285714,263.8651428571428,Standard
CLI_0925,242.74,11,1.57,1946.8,280.67,1948.37,300.89833333333337,1647.4716666666666,VIP
CLI_0926,280.39,17,2.0,4607.9,522.28,4609.9,537.8572222222222,4072.0427777777777,VIP
CLI_0927,351.67,2,0.0,4392.889999999999,556.45,4392.889999999999,673.6733333333334,3719.2166666666662,VIP
CLI_0928,296.97,23,5.33,2963.39,453.97,2968.72,466.34375,2502.37625,VIP
CLI_0929,170.51,43,2.55,5549.76,709.0699999999999,5552.31,712.9452272727272,4839.364772727273,VIP
CLI_0930,127.18,41,0.0,483.5,128.4,483.5,131.42809523809524,352.07190476190476,Standard
CLI_0931,218.13,12,3.42,633.36,157.65,636.78,174.42923076923077,462.3507692307692,Standard
CLI_0932,232.2,27,0.0,681.78,162.73000000000002,681.78,171.02285714285716,510.7571428571428,VIP
CLI_0933,89.41,53,6.01,623.77,291.55,629.78,293.20574074074074,336.57425925925924,Standard
CLI_0934,145.34,37,0.21,479.76,133.28,479.96999999999997,137.10473684210527,342.8652631578947,Standard
CLI_0935,165.12,49,0.0,549.97,137.22000000000003,549.97,140.52240000000003,409.44759999999997,Standard
CLI_0936,100.08,59,2.3,586.9100000000001,129.0,589.21,130.668,458.54200000000003,Standard
CLI_0937,173.68,70,1.5,486.68,121.41,488.18,123.85619718309859,364.32380281690143,Standard
CLI_0938,216.75,17,2.5,5127.31,892.57,5129.81,904.6116666666667,4225.198333333334,VIP
CLI_0939,194.27,72,1.1099999999999999,689.8399999999999,184.67000000000002,690.9499999999999,187.33123287671233,503.6187671232876,VIP
CLI_0940,85.09,42,3.86,870.3299999999999,141.87,874.1899999999999,143.84883720930233,730.3411627906976,VIP
CLI_0941,111.84,46,4.5,1710.52,358.25,1715.02,360.6295744680851,1354.3904255319148,VIP
CLI_0942,152.19,65,3.3,1053.1399999999999,187.73000000000002,1056.4399999999998,190.03590909090912,866.4040909090907,VIP
CLI_0943,115.59,61,1.22,132.23000000000002,32.06,133.45000000000002,33.92435483870968,99.52564516129033,Standard
CLI_0944,165.73,70,0.55,1607.65,259.74,1608.2,262.0742253521127,1346.1257746478873,VIP
CLI_0945,251.8,14,0.3,1223.0,236.23000000000002,1223.3,253.01666666666668,970.2833333333333,VIP
CLI_0946,92.3,68,1.5,619.31,122.27,620.81,123.60768115942028,497.20231884057966,Standard
CLI_0947,141.66,41,1.5,1172.8200000000002,282.58,1174.3200000000002,285.9528571428571,888.3671428571431,VIP
CLI_0948,141.07,68,2.45,1275.25,380.57,1277.7,382.61449275362315,895.0855072463769,VIP
CLI_0949,173.86,20,0.0,947.8100000000001,225.42000000000002,947.8100000000001,233.69904761904763,714.1109523809524,VIP
CLI_0950,286.58,15,1.5,186.47,62.379999999999995,187.97,80.29124999999999,107.67875000000001,Standard
CLI_0951,179.3,43,0.0,758.45,169.67000000000002,758.45,173.745,584.705,VIP
CLI_0952,163.67,45,3.9699999999999998,485.37,141.87,489.34000000000003,145.42804347826086,343.91195652173917,Standard
CLI_0953,165.72,67,2.1,2993.4700000000003,425.95,2995.57,428.3870588235294,2567.1829411764706,VIP
CLI_0954,135.41,55,4.1,1025.65,275.77,1029.75,278.1880357142857,751.5619642857143,VIP
CLI_0955,380.25,6,0.0,1733.4499999999998,424.05,1733.4499999999998,478.37142857142857,1255.0785714285712,VIP
CLI_0956,238.92,35,1.7,50.5,15.75,52.2,22.386666666666667,29.813333333333336,Standard
CLI_0957,167.48,43,2.54,2633.42,591.98,2635.96,595.7863636363636,2040.1736363636364,VIP
CLI_0958,272.34,31,1.29,2943.65,419.47,2944.94,427.98062500000003,2516.959375,VIP
CLI_0959,154.81,31,1.6,371.02000000000004,126.05,372.62000000000006,130.8878125,241.73218750000007,Standard
CLI_0960,176.85,42,4.0600000000000005,1263.17,234.34000000000003,1267.23,238.45279069767446,1028.7772093023254,VIP
CLI_0961,139.05,33,6.58,2749.48,424.19,2756.06,428.2797058823529,2327.780294117647,VIP
CLI_0962,121.44,55,2.93,3060.89,711.56,3063.8199999999997,713.7285714285714,2350.0914285714284,VIP
CLI_0963,233.9,3,1.78,304.06,116.62,305.84,175.095,130.74499999999998,Standard
CLI_0964,197.42,44,0.0,261.56,90.39,261.56,94.77711111111111,166.7828888888889,Standard
CLI_0965,271.31,18,5.12,313.5,107.2,318.62,121.47947368421053,197.1405263157895,Standard
CLI_0966,240.23,34,6.18,584.37,166.87,590.55,173.73371428571429,416.81628571428564,Standard
CLI_0967,167.25,37,5.37,359.96000000000004,120.29,365.33000000000004,124.69131578947369,240.63868421052635,Standard
CLI_0968,147.45,66,2.5,1069.38,258.58,1071.88,260.7807462686567,811.0992537313434,VIP
CLI_0969,193.65,51,1.4,610.1600000000001,197.79,611.5600000000001,201.51403846153846,410.0459615384616,Standard
CLI_0970,199.25,16,3.88,1762.93,360.88000000000005,1766.8100000000002,372.6005882352942,1394.209411764706,VIP
CLI_0971,245.13,7,2.54,2219.7,503.2,2222.24,533.84125,1688.3987499999998,VIP
CLI_0972,99.56,68,1.0,1033.46,280.07,1034.46,281.5128985507246,752.9471014492754,VIP
CLI_0973,257.24,28,0.28,1582.8899999999999,308.82,1583.1699999999998,317.6903448275862,1265.4796551724137,VIP
CLI_0974,246.89,22,6.47,968.17,265.69,974.64,276.42434782608694,698.215652173913,VIP
CLI_0975,246.09,3,3.5,166.99,37.95,170.49,99.4725,71.01750000000001,Standard
CLI_0976,105.04,31,8.73,366.01,118.38,374.74,121.6625,253.07750000000001,Standard
CLI_0977,267.8,18,1.5,571.5799999999999,183.5,573.0799999999999,197.59473684210525,375.4852631578947,Standard
CLI_0978,102.28,19,1.0,555.16,150.12,556.16,155.234,400.92599999999993,Standard
CLI_0979,164.44,54,1.0,201.57999999999998,78.69,202.57999999999998,81.67981818181818,120.9001818181818,Standard
CLI_0980,294.05,34,2.5,1034.3600000000001,271.69,1036.8600000000001,280.0914285714286,756.7685714285715,VIP
CLI_0981,187.53,23,0.3,1254.67,334.36,1254.97,342.17375000000004,912.79625,VIP
CLI_0982,108.2,49,0.0,696.6,195.37,696.6,197.534,499.06600000000003,Standard
CLI_0983,326.22,10,0.43,1162.6100000000001,182.67000000000002,1163.0400000000002,212.32636363636365,950.7136363636365,VIP
CLI_0984,178.06,42,2.65,558.25,111.19999999999999,560.9,115.34093023255812,445.5590697674419,Standard
CLI_0985,145.57,44,3.3,602.1500000000001,189.32,605.45,192.55488888888888,412.8951111111112,Standard
CLI_0986,293.41,33,3.62,5428.67,478.26,5432.29,486.8897058823529,4945.400294117647,VIP
CLI_0987,86.2,55,3.8,1188.35,220.63,1192.1499999999999,222.1692857142857,969.9807142857142,VIP
CLI_0988,276.2,11,2.5,509.89,170.86,512.39,193.87666666666667,318.5133333333333,Standard
CLI_0989,166.21,67,2.5,654.9100000000001,123.74000000000001,657.4100000000001,126.18426470588236,531.2257352941177,VIP
CLI_0990,272.53,18,4.3,1280.58,265.83,1284.8799999999999,280.1736842105263,1004.7063157894736,VIP
CLI_0991,135.85,18,0.0,545.37,121.9,545.37,129.05,416.32,Standard
CLI_0992,350.0,2,3.24,790.9000000000001,139.76999999999998,794.1400000000001,256.43666666666667,537.7033333333334,VIP
CLI_0993,146.32,56,1.8,1230.13,277.86,1231.93,280.4270175438597,951.5029824561404,VIP
CLI_0994,179.31,22,0.0,4246.54,388.88,4246.54,396.6760869565217,3849.863913043478,VIP
CLI_0995,95.81,41,0.6,664.46,200.75,665.0600000000001,203.0311904761905,462.02880952380957,Standard
CLI_0996,183.84,40,1.5,5835.46,727.34,5836.96,731.8239024390244,5105.136097560976,VIP
CLI_0997,98.87,47,2.65,546.45,129.38,549.1,131.43979166666665,417.66020833333334,Standard
CLI_0998,161.96,29,1.6,1630.76,319.15,1632.36,324.54866666666663,1307.8113333333333,VIP
CLI_0999,114.81,64,0.36,1182.81,291.45,1183.1699999999998,293.2163076923077,889.9536923076921,VIP
CLI_1000,274.28,13,1.09,724.1999999999999,112.92,725.29,132.51142857142858,592.7785714285714,VIP
